driverId,name,ssn,location,certified,wage-plan
10,Carlos Chavez,572-19-3576,"USNS Barnett
FPO AA 81549",N,miles
11,Connie Williams,181-83-6273,"7583 Ashley Wells
Travischester, CO 68246",Y,hours
12,Lisa Nelson,828-41-3677,"31123 Billy Valley Apt. 622
West Jeffrey, PR 65550",Y,hours
13,Daniel Jones,167-45-3273,"9911 Katie Station
Lake Michael, WA 29257",Y,miles
14,Kelsey Craig,083-52-8614,"976 Smith Motorway
Matthewbury, LA 01043",Y,hours
15,Jessica Butler,358-12-9646,"896 Timothy Path Suite 478
Hernandezburgh, GA 85228",N,hours
16,Taylor Lopez,806-12-3560,"Unit 0546 Box 8732
DPO AA 92907",N,miles
17,Margaret Mcdonald,657-95-9520,"0890 Hines Hollow
Meganmouth, FM 36315",Y,hours
18,Victoria Hall,603-85-2785,"USCGC Kramer
FPO AA 82555",Y,miles
19,Diane Massey,787-35-7615,"534 Roger Shores
Thompsontown, DC 31768",N,hours
20,Stephen Nielsen,703-78-6921,"9192 Michelle Extensions Suite 941
New Courtneyport, IL 33075",N,miles
21,Tiffany Fischer,081-84-0865,"967 Tammy Dale
Allisonland, WA 88999",N,miles
22,Mike Wood,160-48-5136,"168 Casey Crest Suite 881
East Michaelhaven, ID 36032",Y,miles
23,Dale Rodriguez,517-10-4302,"83965 Anderson Crescent Apt. 338
West Seth, AL 29945",Y,miles
24,John Thomas,173-47-3134,"20673 Tom Mount
Port Tylerchester, PA 27623",Y,miles
25,Daniel Clark,631-69-7213,"36787 Bass Circle
Lake Thomas, HI 61094",N,miles
26,Anthony Carr,622-49-6518,"1214 Jody Estate Suite 511
Lake Marcus, DE 67841",Y,miles
27,John Weiss,128-55-2280,"9952 Villanueva Island
Mitchellbury, MD 13249",Y,miles
28,Sandra Howard,717-52-6884,"05902 Carpenter Dam Apt. 538
Christinachester, AZ 83777",Y,miles
29,Susan Snyder,482-44-8488,"USCGC Coleman
FPO AP 75784",N,hours
30,Tyler Hunter,303-43-4909,"USS Robinson
FPO AP 86290",Y,miles
31,Cindy Pierce,660-19-6308,"PSC 6031, Box 0159
APO AP 12749",N,hours
32,Jessica Klein,101-34-7295,"837 Wood Hollow Suite 764
Hurleymouth, FM 09111",N,miles
33,Melvin Morris,304-73-2160,"00165 Alec Villages
West Donald, PW 02186",N,hours
34,Lindsey Johnson,748-83-5289,"3822 Johnson Ford
Rileyshire, DE 35873",Y,hours
35,Ann Smith,651-58-6778,"244 Odonnell Trail Suite 295
Lawrencemouth, PW 72863",N,hours
36,Anna Clark,708-32-5310,"47807 Wiggins Plaza
North Rebecca, GU 26517",N,miles
37,Holly Jones,851-76-9896,"328 Aaron Bridge
North Abigailchester, TX 16680",Y,hours
38,Richard Smith,470-51-2618,"36803 Robert Course Apt. 255
North Erinland, GA 23896",Y,hours
39,Jennifer Ramos,383-91-5404,"50539 Anna Roads
West Phillip, CT 91444",Y,miles
40,Andrew Snyder,834-06-9946,"27259 Kenneth Mills
East Jenniferchester, CO 02461",Y,miles
41,Dr. Brian Kirby,374-09-4106,"PSC 0571, Box 2133
APO AA 69920",Y,hours
42,Taylor Greer,370-91-2728,"0732 Warner Inlet
Melissaborough, CA 82399",N,hours
43,Anna Jones,580-87-0986,"021 Pearson Plains
South Charlesport, NV 04941",Y,hours
44,Dawn Black,457-01-3077,"14616 Lori Falls Suite 027
Davisfurt, PR 59236",N,hours
45,Lisa Morgan,357-05-6468,"208 Michael Village
Cheyennefurt, ID 73637",N,hours
46,Sarah Young,125-41-5459,"5662 Hardy Roads
South Williamborough, IN 40680",Y,hours
47,John Casey,377-24-3606,"2678 Davis Trace
Port Joe, NE 16926",N,miles
48,James Stephens,628-30-2204,"546 Carl Run Suite 205
West Jay, RI 67101",N,miles
49,John Glass,619-49-7025,"371 Hamilton Stravenue
New Christopherton, MO 33583",N,miles
50,John Vaughan,456-87-3441,"28348 Mcgrath Prairie Suite 630
North Kelly, AZ 74997",Y,hours
51,Stephanie David,675-20-0449,"2440 Christopher Lights Apt. 271
Loweport, AZ 98387",N,hours
52,Lori Rojas,435-07-9673,"006 Kristie Manors Apt. 934
Douglasborough, MI 46702",N,miles
53,Amber Gibson,593-78-9632,"46192 Hayes Ford Apt. 080
East Manuelhaven, AZ 03693",Y,hours
54,Jake Jones,586-75-8931,"729 Myers Creek Apt. 046
Kevinport, NV 46306",Y,miles
55,Julie Jenkins,015-12-8196,"USCGC Shelton
FPO AA 00992",N,miles
56,Justin Martinez,026-03-5107,"0050 Rivera Canyon Apt. 885
Port Reginald, NJ 67522",Y,miles
57,April Combs,760-90-5693,"79166 Haley Shore Apt. 337
Lake Kristen, AS 88363",Y,miles
58,Wyatt Sweeney,348-49-8850,"3539 Vega Wells Apt. 785
Moniqueton, VA 23613",Y,hours
59,Matthew Glenn,653-29-9748,"41515 Matthew Island Apt. 448
Hilltown, KS 12435",N,hours
60,Rodney Wilson,458-41-1154,"Unit 8151 Box 2583
DPO AE 48373",N,miles
61,Robert Bartlett,804-67-2290,"04910 Lewis Garden
New Joann, MD 26203",Y,miles
62,Ruth Gomez,144-05-9630,"213 Hendricks Valleys
Kevinville, ND 28077",N,hours
63,Cindy Owen,020-30-7178,"0796 Morales Ford
South Jasonburgh, DE 78829",N,miles
64,David Harper,470-85-2019,"USS Bowen
FPO AE 45267",Y,miles
65,Timothy Brown,566-96-9015,"9405 Frost Station Apt. 569
West Jody, DE 01326",Y,miles
66,Anthony Wilson,005-47-1152,"3209 Danielle Burg
Sheilaburgh, AK 16672",Y,miles
67,Thomas Williams,643-17-2942,"PSC 5071, Box 5481
APO AA 13348",Y,hours
68,Ronald Reynolds,237-91-6347,"852 Evan Hill Suite 546
North Michaelshire, PA 79082",Y,miles
69,Cassie Brewer,671-50-7638,"70171 Clark Rest
West Nathanmouth, OK 73070",Y,miles
70,Deborah Mendoza,381-55-6396,"3100 Christine Common
Lake Darlene, GU 52188",Y,hours
71,Willie Gonzalez,272-61-9654,"847 Kristopher Pike Apt. 191
South Edward, GA 24631",Y,miles
72,Edward Conway,499-85-0958,"40181 Holmes Crossing Suite 096
North Emilyland, MO 59249",Y,miles
73,Jason Whitaker,786-25-2058,"PSC 0595, Box 8384
APO AP 30413",N,miles
74,Kristine Garcia,124-64-1066,"8827 Deborah Row Apt. 787
Mccoyport, WI 90291",Y,hours
75,Maria Martin,392-92-3838,"297 Nicole Brooks
North Adrianbury, FM 91022",N,hours
76,Annette Allison,142-50-7724,"Unit 0837 Box 5340
DPO AA 42425",N,hours
77,Sheila Johnson,298-87-5063,"407 Drake Glens Suite 970
East Michele, UT 96254",N,hours
78,Brittany Casey,588-21-1328,"405 Robinson Turnpike
Mitchellton, CT 83557",Y,miles
79,Teresa Hatfield,889-54-9053,"374 Eric Meadow
North Brandonshire, AS 55720",N,miles
80,Justin Robinson,776-08-5984,"1133 Cynthia Island Suite 262
Robertburgh, OR 50193",Y,hours
81,Sara Glass,653-61-0928,"2534 Cabrera Knoll
Lake Andre, ME 87032",N,hours
82,Samantha Cook,421-23-9977,"8754 Archer Lane
New Erik, ND 96141",Y,hours
83,Brianna Campos,860-62-1817,"331 Marcus Circle
Kristinchester, NC 38319",N,miles
84,Lisa Singleton,159-87-3521,"317 Kyle Crossroad
South Tammyton, MT 37808",Y,miles
85,Eric Moore,453-81-0163,"PSC 0914, Box 5865
APO AE 78627",N,miles
86,Joshua Harris,515-68-9869,"336 Hall Ports
Mckinneybury, VI 21573",N,hours
87,Jesse Ho,217-50-5070,"8063 Giles Hollow
Lake Alicia, AL 02782",N,hours
88,Robert Murray,502-06-6405,"110 Medina Ford
North Adrienne, ND 74921",N,miles
89,Nathan Waters,632-44-7307,"81351 Fischer Views Suite 898
South Zoeview, LA 22782",N,miles
90,Julian French,331-05-0893,"923 Shawn Summit
Janicetown, ND 56884",N,miles
91,Keith Rich,680-32-0766,"691 Kevin Route Suite 801
Laurachester, KS 14973",N,miles
92,Melissa Mcintosh,503-06-3331,"7434 Murphy Summit
Port Paulville, OK 54240",N,miles
93,Tiffany Cox,060-61-3117,"USNV Terry
FPO AP 69192",Y,miles
94,James Ellis,835-24-1747,"573 Tina Villages Apt. 094
New Allisonberg, SC 34829",Y,miles
95,Andres Patel,579-20-0522,"4530 Billy Stravenue
East Tracymouth, TN 23201",N,miles
96,Nicholas Smith,838-43-1253,"PSC 5885, Box 7678
APO AE 44803",N,hours
97,Joseph Zhang,564-24-8565,"934 Brown Mount
North Tammyport, ME 56711",N,miles
98,Andrew Miranda,515-62-8510,"2254 Tyler Plain Apt. 442
New Kayla, KS 52307",N,miles
99,Cynthia Padilla,544-33-4508,"7111 Joseph Viaduct Suite 775
Johnsontown, WI 28269",Y,miles
100,Stephanie Prince,338-17-2822,"81139 Smith Station
Port Sara, AR 37027",N,miles
101,Nicole Lutz,754-20-3541,"PSC 5914, Box 5779
APO AA 92588",Y,miles
102,Jonathan Townsend,548-93-9135,"617 Kyle Lodge
Reneeland, AS 47890",N,hours
103,Daniel Gonzalez,839-83-1916,"144 Robertson Station
Port Carol, NV 79433",Y,hours
104,Katherine Jacobs,018-44-9849,"848 Richard Radial Suite 057
Jamesborough, NV 10957",Y,miles
105,Morgan Contreras,861-99-1444,"72023 Anthony Gateway
West Amberstad, ID 99433",Y,hours
106,Renee Hall,322-02-0361,"1472 Fleming Highway
Nicoleshire, TN 22374",N,miles
107,Rebecca Spencer,615-21-7769,"737 Ashley Keys Apt. 521
Kathleenfurt, NC 19865",Y,hours
108,Scott Smith,562-59-2781,"162 Gregory Island
Lake Angelville, MP 54692",N,hours
109,Lori Reed,759-83-9084,"17403 Adam Terrace Apt. 154
Toddland, SD 95231",N,hours
110,Bradley Robbins,634-08-9286,"91789 Nicole Orchard
Smithside, AZ 89680",Y,hours
111,Jennifer Payne,581-72-0062,"088 Blair Green
Tiffanyton, CT 83733",Y,miles
112,David Ramsey,341-51-3959,"218 Nicole Drives
Nicholsmouth, WA 59746",N,hours
113,Alexa Garcia,158-07-9265,"466 Boyle Lock
New Marvin, FL 23904",Y,hours
114,Amanda Becker,412-14-0278,"6270 Erin Loop
East Jasonmouth, SC 48474",Y,miles
115,Mark Elliott,470-01-9683,"402 Joshua Mountain Suite 887
Port Rebecca, OR 16536",Y,hours
116,Kathryn Lin,025-21-6899,"78031 Tracie Skyway
Susanmouth, CA 40881",Y,miles
117,Stanley Irwin,730-84-1330,"93957 Christopher Heights Suite 633
Christopherfort, NM 22967",N,hours
118,Joseph Harding,048-30-7370,"9970 Jennifer Shoal Suite 644
West David, WA 33879",Y,hours
119,Madeline Johnson,730-05-1895,"6250 Jessica Skyway
Susanborough, FM 06134",Y,miles
120,Cathy Murray,390-77-7525,"4746 Joe Shoals
Michelleland, MP 62165",N,hours
121,Joyce Watson,848-88-6475,"270 Kelly Ferry Apt. 486
Francesmouth, AL 28787",Y,miles
122,Joseph Dixon,245-15-7666,"229 Joseph Island Suite 534
West Shannon, WA 08829",Y,hours
123,Scott Frederick,786-94-0576,"51364 Murray Vista Apt. 361
Davischester, MD 65220",Y,hours
124,Julia Brewer,256-08-4109,"86408 Harris River Suite 562
Mccarthystad, FM 84085",N,miles
125,John Matthews,633-43-4168,"359 Kari Skyway
Adrianafort, AZ 80499",N,hours
126,Robin Rosales,835-54-4649,"71364 Murphy Village Suite 970
Martinezmouth, CA 04771",Y,hours
127,Jason Williams,834-21-2880,"145 Fitzpatrick Crossroad Suite 220
Kevinhaven, PA 82368",Y,miles
128,Robert Taylor,492-18-1939,"5044 Kellie Pike
Jonesmouth, NJ 24016",N,hours
129,Charlene Richards,618-56-0833,"19569 Scott Cliff
Harrisonside, GU 92108",Y,hours
130,Thomas Lewis,836-64-4631,"567 Gordon Square Suite 432
Port Stephenstad, MO 44240",Y,miles
131,Jason Jackson,717-25-1168,"USCGC Donaldson
FPO AP 00670",N,hours
132,Christina Delgado,490-61-8498,"7405 Anthony Village
Weissburgh, AL 77391",N,hours
133,John Simpson,335-06-6399,"3217 Mendoza Locks
East Jenniferbury, KS 47818",N,miles
134,Jonathan Johnson,620-76-1982,"714 Drew Stream Apt. 158
South Robert, WA 22812",Y,miles
135,Brandon Mcclain,825-14-1064,"4461 Brandy Junctions
New Daniel, MD 55608",N,hours
136,Brandi Ballard,721-28-4830,"879 Hart Greens Suite 225
Port Marcuschester, WV 47943",Y,hours
137,Shannon Cobb,356-10-6904,"26137 Jessica Tunnel
Hendrixchester, WY 48201",N,miles
138,Sarah Bradford,370-83-7979,"53949 Carter Circle Apt. 724
Port Johnfurt, AL 27127",Y,hours
139,Nancy Hardy,120-26-6714,"422 Crystal Springs
Raymondberg, NJ 43657",Y,miles
140,Shawn Jones,271-84-1601,"0151 Sellers Overpass Apt. 768
New Jonathan, HI 07066",N,hours
141,Steven Jacobs,661-14-3595,"297 Ford Tunnel Suite 863
Port Johnland, PW 73112",Y,hours
142,Joshua Cooper,804-87-0648,"0915 Murray Centers
Lyonsmouth, ND 47619",Y,hours
143,Tiffany Martin,640-14-9767,"7647 Justin Plains Apt. 146
Davischester, WV 67577",Y,miles
144,Cassandra Flores,785-46-1585,"44924 Ricky Crossroad Apt. 716
South Maureenshire, NV 94662",Y,miles
145,Adrian Dean,219-64-9255,"731 Grant Manor
Lake Christopherland, PW 75963",Y,hours
146,Laura Gomez,217-11-0841,"USCGC Sanchez
FPO AA 22468",N,hours
147,Mark Mahoney,049-40-4383,"055 Green Glen
Port Lukemouth, NJ 32605",Y,miles
148,Michael Williams,390-22-8980,"2823 Jessica Mission Apt. 861
West Staceyshire, OR 34701",N,miles
149,Juan Pena,121-79-0602,"690 Cheryl Parks
Port Emilybury, IA 77076",Y,miles
150,Lindsay Williams,537-46-5511,"Unit 7159 Box 8642
DPO AE 51060",N,miles
151,Allen Williams,679-75-5801,"54906 Brown Stream Suite 248
Lake Lindaland, WY 28276",Y,miles
152,Anthony Nelson,136-68-5696,"64347 Marquez Loaf
Port Charlesmouth, AZ 99918",Y,miles
153,David Stewart,770-65-3038,"741 Valentine Field
Valerieton, VT 72819",N,hours
154,Jimmy Miller,013-10-1549,"8366 Manuel Hill
Villarrealchester, MS 12608",N,miles
155,Richard Jones,355-56-9268,"600 Alexa Club Apt. 190
Hornborough, KY 60033",N,hours
156,Mariah Woods,283-62-9979,"5380 Adams Mills Suite 486
Mackshire, LA 70214",N,miles
157,Wendy Evans,353-66-4644,"706 Kane Meadow
New Kimshire, GA 29952",N,hours
158,Sarah Chen,503-61-0265,"2784 Tony Loop Suite 519
Lake Anthony, TN 75164",N,miles
159,Karen Campbell,145-88-6128,"877 Thompson Extension
Martintown, NV 23034",N,hours
160,Anne Johnson,104-75-1049,"55585 Robert Stravenue Suite 433
Garzafurt, OR 71564",Y,miles
161,Jodi Ryan,708-37-9922,"814 Jacobs Mission Apt. 955
Mataville, NV 60178",Y,miles
162,Derek Lucas,397-73-2661,"359 Charles Brook
Cameronberg, WA 68737",N,hours
163,James Choi,149-26-0659,"311 Bray Cliff Suite 739
West Scott, VI 97919",N,hours
164,Erika Ramirez,524-34-8841,"867 Courtney Knolls
Holmesport, FM 79122",N,hours
165,Sandra Reyes,215-99-2372,"553 Jaime Lakes
Port Sheilaberg, MO 87128",Y,miles
166,Jasmin Thomas,757-33-8417,"PSC 4982, Box 2877
APO AA 58484",Y,hours
167,Carolyn Holloway,058-04-5127,"80237 Corey Loop Suite 543
Johnmouth, OH 09863",N,miles
168,Dr. Judith Matthews,890-74-2336,"PSC 7534, Box 4913
APO AE 53306",N,hours
169,Ann Lawrence,704-86-5281,"9014 Harris Plaza Suite 432
Clarkeburgh, WA 47441",N,hours
170,Alexandra Hammond,005-26-9417,"8594 Boyd Row Apt. 264
Frankmouth, RI 11610",Y,hours
171,Sara Rush,592-62-0583,"3935 Samuel Knoll Apt. 214
North Sarahborough, NV 97970",N,hours
172,Mrs. Cynthia Brady,468-84-6138,"3331 Roman Underpass
Sierraview, PR 41680",Y,miles
173,Jason Weber,400-88-4027,"3538 Craig Skyway Apt. 591
New Meganfurt, PR 73230",N,hours
174,Daniel Greer,137-82-3714,"587 Brandy Ways Suite 358
Smithhaven, PA 19012",Y,miles
175,Lindsey Johnson,753-20-6315,"712 Anna Hollow
East William, ID 11533",N,hours
176,Donald Melendez,545-67-4667,"85368 Rodriguez Unions Apt. 497
Markton, WV 09515",N,miles
177,Cody Herrera,589-70-6566,"89559 Garcia Bridge Apt. 405
Nathanland, ME 82159",Y,hours
178,Cindy Oneill,607-51-9506,"39048 Crystal Way
Josephland, AL 01952",N,miles
179,Jacqueline Fuentes,170-28-4695,"03078 Latoya Crossroad Apt. 275
Walshville, IA 40075",N,hours
180,Jennifer Carter,380-76-6877,"Unit 7146 Box 5230
DPO AE 09108",N,miles
181,Marvin Porter,682-36-0118,"47955 David Locks
West Kevinshire, ME 89744",Y,hours
182,Kristen Craig,038-15-2936,"86413 Stephanie Track Suite 155
Valerieland, WA 62722",N,miles
183,Derek Schultz,368-40-2173,"0795 John Plaza
Victoriafort, MS 86883",Y,hours
184,Brian Simmons,086-52-7529,"4794 Holloway Falls
Lake Kyle, VT 62979",Y,hours
185,Priscilla Jackson,504-62-7329,"3132 Sally Trace Apt. 891
Bradleyshire, KS 66328",N,miles
186,Samuel Miller,704-53-9408,"Unit 1175 Box 7097
DPO AA 55112",N,hours
187,Jessica Martin,545-49-2396,"34911 Michael Greens Suite 341
Tatehaven, NC 63884",N,miles
188,Diana Lawrence,505-58-7118,"80434 Grant Turnpike
Port Briannashire, AL 26131",N,miles
189,Kimberly Castillo,348-31-2441,"42149 Wendy Points
Kristinfort, UT 28426",N,hours
190,Evelyn Mays,889-17-8280,"19863 Darren Valleys Apt. 617
South Cynthia, FL 08161",Y,miles
191,Paul Lee,215-62-3454,"9396 Hernandez Underpass
Crystaltown, AZ 40516",Y,miles
192,Nicole Gregory,104-57-0851,"PSC 9909, Box 3188
APO AP 28835",Y,hours
193,Bridget Fisher,871-58-3418,"30408 Sullivan Corners
Tonyaton, PA 48582",N,miles
194,Taylor Brown,115-52-8680,"854 Matthew Overpass
Silvastad, AL 19020",Y,miles
195,Hunter Smith,586-55-6130,"1174 Joseph Crossing Suite 760
Princeborough, AK 72485",Y,miles
196,Stephanie Espinoza,307-23-4846,"717 Eric Port
Murphyborough, WV 18345",N,hours
197,Jonathan Wallace II,619-45-8788,"74772 Timothy Cliffs Apt. 036
Wilsonmouth, LA 06482",Y,miles
198,Courtney Wise,529-95-8824,"671 Smith Skyway Suite 420
Brendaborough, OK 68739",N,miles
199,Hannah Dunn MD,209-20-9617,"441 Bennett Spring Apt. 117
New Cherylmouth, AK 37735",Y,hours
200,Alison Peterson,141-80-7873,"10597 Dennis Way Suite 267
Joyceside, WY 33233",Y,hours
201,Phyllis Collins,829-02-5573,"5777 Rios Crossroad Suite 484
Nguyenfurt, UT 25627",N,hours
202,Mark Mitchell,182-07-5607,"49707 Marcia Overpass
Stacyfurt, UT 12736",Y,miles
203,Heather Johnson,297-98-3213,"5357 Jones Key Apt. 224
East Maria, OK 50678",N,miles
204,Stephanie Brewer,193-18-7606,"414 Nancy Isle Suite 805
Lewisfort, OR 08799",Y,miles
205,Aaron Thomas,485-86-5494,"PSC 5656, Box 3645
APO AE 86140",N,miles
206,Samantha Lopez,687-73-3917,"7427 Jeffrey Mews Apt. 664
Lake Jennifer, AS 22685",Y,hours
207,Robert Morales,783-43-9231,"47607 Smith Plaza
South Heather, ND 74288",N,miles
208,Jennifer Spence,168-73-0342,"6628 Kristen Alley Suite 681
Richardmouth, PW 49265",Y,hours
209,Emma Harper,453-02-3578,"69294 Taylor Mount Apt. 305
Melindahaven, FL 53636",Y,miles
210,Stephen Martinez,195-30-7124,"PSC 5088, Box 1066
APO AA 39871",N,hours
211,Jessica Simpson,626-01-9417,"9133 Cox Squares Suite 377
Williehaven, DC 78710",Y,miles
212,Kaylee Schultz,373-47-3470,"USS Williams
FPO AP 20503",N,hours
213,Denise Palmer,600-22-9767,"6540 Kristen Court Suite 851
Port Melissa, MN 21616",N,hours
214,Michael Rogers,187-49-1967,"84043 Jennifer Forges
Adamstown, MI 50833",N,miles
215,Jesse Anderson,698-97-2143,"190 Cheryl Tunnel Apt. 726
Melissaland, CO 27054",Y,hours
216,Christine Moses,690-07-8114,"852 Jason Brook
Martinezville, WI 74678",Y,miles
217,William Lee,001-67-9788,"533 Tiffany Summit
South Maria, MA 38904",Y,miles
218,David Davis,787-34-7684,"8910 Harper Mountain Apt. 015
Solisport, OR 03244",Y,miles
219,Michael Walker,367-93-5817,"82644 Joshua Street Apt. 330
Harringtonville, CT 14620",N,hours
220,Katherine Perry,836-76-7852,"18003 Acevedo Knolls
Diazbury, WV 03461",N,miles
221,James Thomas MD,737-65-4633,"PSC 3082, Box 5881
APO AE 73118",N,hours
222,Paul Miller,739-57-6655,"958 David Meadows Suite 924
Dustinmouth, TN 56189",Y,miles
223,Vanessa Hernandez,264-17-1047,"10754 Linda Heights
Webbstad, FM 18489",Y,hours
224,Tiffany Williams,476-84-4753,"3977 Bryan Mall
West Christopher, OR 61753",N,hours
225,Robert Morgan,105-94-2227,"8872 Vicki Brook
Macdonaldshire, AL 59412",N,miles
226,Jimmy Shelton,078-63-9670,"446 James Divide
South Seanland, NY 40524",N,hours
227,Anthony Hamilton,222-98-4914,"117 Hess Views Suite 254
South Misty, FL 94677",N,hours
228,Cassandra Sims,467-52-3696,"63865 Diaz Run
South Philip, NM 56374",N,miles
229,Kathy Powell,778-02-8043,"7977 Catherine Hill
Port Jason, MP 76423",Y,hours
230,Aaron Mcdonald,416-40-9422,"Unit 0318 Box 5146
DPO AE 40289",Y,miles
231,Christopher Dawson,685-83-6735,"34971 Bryan Manors
Kyleport, KY 92995",N,hours
232,Joseph Smith,712-15-2915,"Unit 0589 Box 7434
DPO AP 23979",Y,miles
233,Kathryn Wong,006-97-0648,"4100 Danielle Viaduct
Younghaven, KS 59568",Y,miles
234,Audrey Black,360-93-5516,"1776 Diaz Port Apt. 057
Port Rayfort, CA 81367",N,hours
235,Jacob Johnson,796-87-3733,"2218 Martinez Cape
Lake Justinshire, WY 65651",Y,miles
236,Henry Bryan,735-68-7793,"73889 Yang Harbors Apt. 889
Russellhaven, MO 43792",N,hours
237,Karen Mayer,455-49-1141,"3478 Michelle Haven Suite 642
Stevenville, WI 00986",N,miles
238,Kimberly Smith,390-31-6789,"0203 Rachel Estate
Stevenborough, CO 03434",N,miles
239,Amber Mcdonald,509-90-8722,"354 Medina Vista
South Michael, TN 49204",Y,hours
240,Michael Johnson,772-10-0961,"4848 Johnny Ways
East Julieside, WA 81177",Y,miles
241,Monique Grant,488-83-9778,"256 Wendy Orchard Apt. 936
North Sarah, CT 64527",N,miles
242,Heather Carpenter,333-73-8079,"24974 Steven Turnpike Apt. 629
East Larry, MI 92244",Y,miles
243,Ashlee Moore,251-09-2055,"USCGC Crane
FPO AP 28559",Y,hours
244,John Lee,426-21-5190,"83496 Ingram Circles
South James, WA 49048",N,miles
245,Dennis Simmons,896-84-2974,"13324 Rosario Brook
Amandaland, WV 64159",N,hours
246,David Armstrong,385-67-5777,"864 Gregory Crescent Apt. 064
East Johnborough, MS 51375",Y,hours
247,Joe Bush,342-56-0830,"2359 Colleen Dale
East Scott, CO 27633",N,miles
248,Melissa Ray,219-33-2014,"5261 Gina Plaza Suite 756
Lake Amber, TN 77775",N,hours
249,Peter Gonzalez,199-04-5991,"68358 Monroe Ville
Kimborough, MO 87530",Y,hours
250,Michael Villa,649-34-3845,"415 Smith Extension Suite 491
Port Dawnmouth, GA 62293",Y,miles
251,Brian Gutierrez,184-20-9145,"43183 Devon Oval Apt. 873
Michellemouth, MA 62332",N,hours
252,Diamond Guerrero,870-39-8080,"265 Lauren Squares
Andersontown, NY 74619",N,hours
253,Stephanie Sutton,513-40-1103,"3541 Martinez Walk Apt. 747
Bradleyport, MO 63619",N,hours
254,Tamara Nicholson,796-17-7521,"5733 Laurie Tunnel
Carolynbury, CO 22213",N,miles
255,Kathy Hunter,825-38-3539,"7843 Jason Common Suite 436
Gilesfort, KY 58473",N,hours
256,Zachary King,027-14-2819,"58520 Michael Mill
Munozville, AZ 28511",Y,hours
257,Angel Bradshaw,146-37-9804,"1419 Brooke Terrace
Amyburgh, GU 23718",Y,hours
258,Kelly Williams,554-26-2870,"312 Hodges Skyway
Brittanyton, TX 16457",Y,miles
259,John Martinez,497-84-9848,"USS Oconnor
FPO AP 61986",Y,hours
260,Rachel Pham,877-70-8921,"PSC 3921, Box 2598
APO AA 59200",N,miles
261,Karen Park,582-93-5820,"10391 Freeman Harbor
East Kevinton, AK 20122",N,hours
262,Brittany Sanchez,552-55-1128,"58006 Lewis Crossing
West Paulville, CT 13432",Y,hours
263,Kenneth Mills,301-94-7009,"0213 Holland Cliffs
New Gary, DC 67545",N,miles
264,Christina Martin,192-52-8692,"095 Angela Hills
Reyesville, RI 26142",Y,miles
265,Roger Berger,420-75-6554,"2173 Jessica Stravenue
Harriston, NC 55902",Y,hours
266,Sarah Williams,821-61-4191,"50034 Berry Bridge Suite 435
Port Larryshire, AK 67961",Y,hours
267,Edward Martinez,228-80-4827,"9241 Bell Island Suite 540
North Brendastad, MH 45476",Y,hours
268,Amy Dickerson,049-43-6252,"728 Jennifer Ports Apt. 999
Johnsonfort, PA 48528",N,miles
269,Heather Lynn,029-55-8086,"Unit 6789 Box 6957
DPO AA 95158",N,miles
270,Steven Sanchez,189-61-8524,"77947 Sharp Crossroad
Port Chadton, GU 12872",Y,miles
271,Jill Fuller,349-43-4007,"902 Jasmine Parkway
East Brian, VA 54482",Y,miles
272,Norman Sanchez,707-18-6753,"905 Brian Burg
South Markmouth, PR 41565",Y,miles
273,Tracy Williams,104-52-9074,"79757 Megan Stravenue Apt. 513
East Samantha, OR 57006",N,hours
274,Jonathan Perez,601-59-1260,"PSC 3348, Box 0119
APO AP 01856",Y,hours
275,Daniel Powers,834-12-5664,"4670 Wells Forks Suite 173
Port Samantha, NV 13613",N,miles
276,Thomas Orr,842-58-8534,"1252 Benjamin Turnpike Suite 630
East Emilyhaven, MA 64390",N,hours
277,Teresa Edwards,128-01-7752,"002 Alexander Vista
South Olivia, MD 53481",Y,hours
278,Matthew Diaz,057-62-8181,"02111 Morgan Glen
Mariaport, GA 69843",N,hours
279,David Roman,623-07-3737,"30420 Long Island Apt. 580
Williammouth, KS 68891",N,hours
280,Carolyn King,278-78-1784,"USCGC Woods
FPO AA 46078",Y,hours
281,Johnny Arnold,584-34-8095,"019 Spencer Gardens Apt. 750
Sarabury, OR 28870",N,hours
282,Heidi Weaver,431-47-5130,"5520 George Mills Apt. 943
Brianberg, AS 51066",Y,miles
283,Kelsey Curtis,413-92-4428,"12689 Ramsey Station
Solomonhaven, NE 36796",Y,hours
284,Andrew Dickson,529-08-4070,"16163 Stephen Throughway
Janiceland, AZ 47793",N,miles
285,David Webb,118-14-9371,"39268 Roman Pass
North Gregory, NM 89733",Y,hours
286,Crystal Huang,486-14-2225,"1332 Allen Tunnel
Matthewville, KY 86218",N,miles
287,Justin Thomas,598-28-9428,"PSC 9910, Box 0333
APO AE 21329",Y,miles
288,Ryan Stephenson,829-85-3673,"3334 Richard Mission Apt. 446
East Christine, SD 69494",Y,hours
289,Lance Brown,391-50-3128,"280 Hines Park
Shawnahaven, ND 59505",Y,hours
290,Amy Thompson,419-18-3466,"84167 Heidi Wall Suite 422
West Dennis, FM 25233",N,miles
291,Olivia Martinez,734-82-6516,"167 Crosby Island Apt. 964
West Colton, MP 23779",N,miles
292,Laura Irwin,374-92-4572,"0453 Katrina Place Suite 516
Cooperfort, ID 29770",Y,hours
293,Ricky Smith,285-67-1133,"3391 Robert Mill Apt. 420
Port Walter, NY 44684",N,hours
294,Pamela Henry,539-39-0980,"452 Linda Trail
New Emilyberg, MI 37876",N,miles
295,Brandi Lane,103-61-6733,"3837 Shaw Gardens Apt. 115
South Michaelton, CT 72857",Y,miles
296,John Garrison,556-10-2636,"45550 Wells Crest Apt. 603
New Melanie, SC 75020",Y,miles
297,James Cain,230-79-5001,"04914 Rhonda Crescent Apt. 110
West Lindseyfurt, PA 34696",N,hours
298,Sarah Paul,395-48-2700,"53359 Lawrence Groves
Port Kyleton, AZ 52874",N,miles
299,Ashley Rowe,508-70-5055,"82968 Lane Estate Suite 185
Brennanshire, WA 92067",Y,hours
300,Amanda Morton MD,201-86-2251,"989 David Ferry
Lake Patriciaview, OH 80257",N,miles
301,Kathy Burch,494-91-0054,"015 Andrew Causeway
Tracymouth, IN 92269",Y,miles
302,Susan Collier,162-56-4470,"38075 Rivera Green
New Davidville, OR 57843",N,hours
303,Billy Richardson,509-45-0712,"0353 Sandra Coves Apt. 697
North Melindaton, NY 77501",Y,hours
304,Christina Rich,458-13-9390,"5654 Jaclyn Station Apt. 010
Port Joanburgh, WV 19895",N,miles
305,Christopher Paul,012-27-1062,"82922 Allen Lodge
North Jennifer, NE 58787",N,hours
306,Veronica Walter,019-26-3521,"1555 Collins Unions
East Trevorside, MO 25467",Y,miles
307,Joe Mitchell,320-94-7224,"363 Allison Ranch
Blanchardchester, NJ 35581",Y,hours
308,Sara Ruiz,564-56-5479,"485 Christopher Fort Suite 796
Karenbury, VT 93182",N,miles
309,Jessica White,679-81-9567,"8882 Farrell Wall
West Krystalshire, GU 97476",N,miles
310,Jeremy Benson,487-97-1179,"746 Jeanette Fall
North Maria, WV 91540",Y,hours
311,Lindsay Kerr,455-61-4274,"37206 Lauren Parks
Port Stephenton, MN 88669",N,miles
312,Lori Gibson,315-44-0634,"322 Barrett Fort
Millermouth, TX 85054",N,hours
313,Cody Miller,356-78-6999,"5522 Moore Radial Suite 925
New Victoria, LA 89572",N,hours
314,Laura Clayton,762-77-1723,"360 Ryan Green
Westfort, GA 61300",Y,hours
315,Anthony Ramos,680-82-0565,"78099 Devin Prairie
Brittneyfurt, PR 20284",Y,hours
316,Sean Parsons,339-90-0789,"13833 Patrick Springs
Kathrynport, AS 57519",Y,miles
317,Dalton David,219-51-3471,"810 Marquez Stream
South Stephanieland, PW 21933",Y,hours
318,Jessica Anderson,667-37-7822,"9088 Vazquez Grove
North Emilyburgh, FM 27811",N,hours
319,Tina Adams,370-48-3603,"56615 Nicholas Estates Suite 007
Burnettburgh, MO 66497",N,hours
320,Lisa Roberts,415-48-7123,"102 Manning Skyway
East Heatherhaven, AS 13604",Y,hours
321,Tammy Neal,052-70-1560,"788 Webb Lights Suite 721
Brianland, FL 37171",N,hours
322,Justin Nguyen,275-68-9414,"PSC 2334, Box 0463
APO AE 35784",Y,miles
323,Shaun Murphy,114-61-9591,"245 Washington Court
South Jessica, AL 65373",Y,hours
324,Brandon Weber,646-11-5489,"582 Steven Forges Apt. 599
Briggsview, GA 06784",N,hours
325,Mrs. Erica Walker MD,048-52-6409,"515 Ronald Curve Apt. 878
Deanberg, MD 48673",N,hours
326,Joshua Frank,316-40-8491,"PSC 9644, Box 9054
APO AP 38411",N,miles
327,Nicholas Sanchez,136-35-8280,"409 Elizabeth Ports
Scottchester, SC 23819",Y,miles
328,Peter Weber,767-03-8873,"PSC 2864, Box 5879
APO AP 94442",N,hours
329,Tina Cohen,481-61-3728,"364 Bowers Mills Apt. 581
North Sarahshire, TX 61326",N,miles
330,Amanda Allen,553-45-6844,"06477 Turner Pass Apt. 087
South Nicholasbury, GA 63859",Y,miles
331,Arthur Lewis,657-50-9401,"489 Katrina Orchard
Lake Karen, GU 27767",Y,hours
332,Brian Ellis,206-72-5157,"USCGC Murray
FPO AA 84236",N,hours
333,Dale Adams,740-95-8405,"65995 Cobb Causeway Apt. 705
Port Scott, NJ 36335",N,hours
334,Andrew Murphy,859-55-9413,"7246 Nguyen Hollow Suite 356
Johnland, TN 84386",N,hours
335,Corey Morris,442-66-5432,"Unit 4868 Box 9653
DPO AE 45676",N,miles
336,Anna Sullivan,564-71-8673,"76945 Jennifer Locks
Bryanport, MN 29448",Y,hours
337,Amanda Wall,198-95-7534,"206 Calderon Circle Suite 358
Erinstad, UT 79471",Y,hours
338,Rebecca Carter,339-27-2765,"20214 Erik Mall
West Alexandratown, WV 95230",N,miles
339,Matthew Thomas,002-22-2620,"836 Davis Row Apt. 734
Port Brianport, LA 09742",Y,miles
340,Meagan Grant,003-65-7092,"PSC 7570, Box 3757
APO AP 98506",Y,hours
341,John Rodriguez,451-53-1368,"297 Bell Parkways
Hamiltontown, UT 30869",N,hours
342,Aaron Strickland,080-96-4937,"5717 Barbara Forges Suite 570
East Kara, IN 35044",Y,miles
343,Dylan Sellers,674-56-1399,"3255 Robert Corner
Lake Steveport, VI 84072",Y,hours
344,Omar Woods,091-97-6980,"4360 Debra Crescent Suite 154
North Michaelville, IA 45381",N,miles
345,Jeremy Smith,338-70-2310,"6655 Hutchinson Courts Apt. 606
Port Chloe, MO 82343",Y,miles
346,Charles Bullock,278-77-2881,"51672 Donald Drive
Johnfurt, CO 22490",Y,hours
347,Zachary Franklin,436-40-3145,"05585 Robinson Stream
Sherrymouth, DE 23510",N,hours
348,Ronald Hopkins PhD,652-38-7753,"4707 Brown Points Apt. 822
South Jennifershire, GU 88452",N,hours
349,Charles Harris,412-34-8570,"250 Smith Coves
New Beverly, MA 91685",N,miles
350,William Knight,344-11-8904,"4557 Jamie Point
East Shannon, CO 12855",Y,miles
351,Terry Holland,589-64-7492,"544 Nicole Corner
Kevinchester, AL 48673",N,hours
352,Daniel Cooper,385-25-9612,"457 Carol Parkway Suite 263
Garciamouth, AL 79322",N,miles
353,James Clark,722-31-9885,"388 Davis Dam
Alvarezland, PA 38232",N,miles
354,Christina Smith,859-66-2406,"6982 Paul Roads Apt. 024
Christopherland, MD 14366",Y,miles
355,Stacey Foster,889-74-6774,"8337 Tran Forest
Fraziermouth, CA 30063",Y,miles
356,Kristin Stevenson,615-94-6542,"12039 Turner Track Suite 749
Port Miguelberg, SC 38991",Y,hours
357,Catherine Adams,557-67-5258,"39387 Frances Overpass
Port Terri, LA 84340",N,miles
358,Mary James,151-99-9765,"7987 Frank Ferry
Powellfurt, CA 61827",N,miles
359,Joshua Howell,149-85-6399,"68370 Richardson Mill Suite 309
North Shannon, AL 24617",N,miles
360,Justin Hernandez,858-15-9191,"865 Jill Islands
North Melissa, MN 53847",Y,hours
361,Mr. Robert Moore MD,176-05-2756,"4517 Pugh Harbor
Rhodesfurt, ND 00677",N,miles
362,Rachel Vance,191-84-9898,"884 Bryan Mall Suite 978
Martinchester, PR 45367",Y,miles
363,Christopher Russell,547-02-9438,"310 Farrell Fords Apt. 155
Brittanyside, WA 05316",N,miles
364,Marie Richards,827-31-5845,"46720 Campbell Crossing
New Jacquelinefurt, MP 68160",N,hours
365,Andrea Middleton,211-09-3967,"346 Hill Divide Suite 590
Lake Charleshaven, PA 28170",Y,hours
366,Erika Mason,204-81-7608,"0767 Lopez Ridges Apt. 162
Scottland, AL 22527",Y,hours
367,Jeffery Jones,344-83-3679,"Unit 7705 Box 0802
DPO AA 33849",N,hours
368,Shannon Davis,646-02-0387,"029 Karina Vista
South Kimberly, NC 54529",N,hours
369,Victor Larson,223-42-7569,"44320 Wendy Springs Suite 227
New John, NH 77881",Y,hours
370,Cynthia Lloyd,544-21-8433,"0597 Sierra Tunnel Apt. 254
Hatfieldchester, WI 68100",Y,hours
371,Hailey Davis,063-95-9338,"959 George Ways
Villegasbury, MS 89164",N,hours
372,Kristen Johnson,196-47-0411,"4041 Mcintosh Alley
Wilsonhaven, TN 07711",Y,miles
373,Phillip Henderson,061-57-8483,"422 Obrien Street
West Kimberlyton, MO 96421",Y,miles
374,Amy Shaw,856-36-4551,"846 Erickson Cliff
West Ashleyfort, AZ 87046",Y,miles
375,Peter Sanders,635-95-3750,"2258 Ryan Isle Apt. 236
West Frankstad, OK 06390",N,miles
376,Bradley Lee,862-57-6448,"66764 Victoria Crossroad
Shieldsshire, DE 90281",N,miles
377,Gregory King,454-14-8608,"3745 Marcus Union Apt. 751
Toddport, TX 70178",Y,miles
378,Jacqueline Harrison,014-95-2614,"88471 Hatfield Manor Apt. 957
West Nancystad, CO 84963",Y,miles
379,Mrs. Samantha Lee,603-33-8425,"USCGC Anderson
FPO AA 72272",N,miles
380,Joshua Castillo,581-83-3048,"28544 Boone Pine Suite 046
Waltersbury, ND 95473",Y,miles
381,Vicki Williamson,532-33-6463,"USS Schroeder
FPO AP 61023",N,miles
382,Leslie Moses,535-80-7167,"921 Victoria Meadows Apt. 092
Tracieberg, ID 80969",N,hours
383,Deborah Alexander,063-47-8916,"064 Medina River Suite 055
Delgadomouth, MH 50981",N,hours
384,Alexander Faulkner,637-33-9743,"374 Reynolds Skyway Suite 934
Lawrencechester, CO 20416",Y,hours
385,Robert Hunter,857-78-9576,"7093 Tyler Manors
Michaelfort, WI 39753",Y,hours
386,Monica Sexton,659-97-6086,"23290 Delgado Ranch
New Shirleyburgh, IA 05802",N,miles
387,Steven Townsend III,377-73-8750,"7150 Lisa Canyon Suite 311
New Priscilla, VT 83770",N,miles
388,Rhonda Johnson,114-28-3911,"8061 Rasmussen Groves
East Kristine, ID 10607",Y,miles
389,Laura White,780-35-5560,"3776 Morris Ports
Port Randyburgh, NH 25623",Y,hours
390,Kimberly Hicks,509-20-2866,"343 Thomas Center Apt. 352
Brianstad, KY 79459",Y,hours
391,Erin Shields,015-99-8695,"7781 Charles Ferry
Birdfurt, OK 09951",N,miles
392,Peter Vaughn,799-80-0879,"37672 Rachel Square
North Suzanneland, IA 27341",Y,hours
393,Ann Mahoney,334-69-6360,"357 Maria Forge
Clarkville, MD 39550",N,hours
394,Joan Gallagher,859-17-1300,"69527 John Coves
Shepherdtown, AL 01448",N,hours
395,Hannah Ortega,297-04-5170,"4856 Kevin Row
Millerstad, UT 91412",Y,miles
396,Monica Jarvis,753-80-4443,"1687 Ashley Islands Apt. 130
Chambersbury, AL 97768",N,miles
397,Michael Ayers,284-59-1849,"389 Mcneil Forks
Kylemouth, OH 89075",N,hours
398,Tabitha Perez,496-65-0796,"48193 Hernandez Street
Port Christopher, SD 33529",N,miles
399,Cheryl Reynolds,221-09-3604,"PSC 3308, Box 3140
APO AE 20477",N,hours
400,Brent Hicks,087-57-2912,"37759 Rachel Burg Apt. 037
Port Christine, NH 35711",Y,miles
401,Angela Bates,215-21-0456,"733 Wilson Corners
Josephborough, WV 68151",N,hours
402,Robert Kelley,155-83-6843,"67757 Shepard Manor Apt. 214
East Jasonchester, WY 95086",N,miles
403,Jon Mitchell,723-51-8900,"855 Howell Forest
South Codyport, PW 35514",Y,hours
404,Jose Pitts,363-46-8393,"117 Vaughan View
West Alexa, MT 34407",Y,hours
405,Anne Henderson,764-20-0533,"85797 Thomas Heights Suite 861
Bennettfort, VT 48983",Y,hours
406,Carlos Crawford,096-49-6719,"7163 Joseph Freeway
Chaneyburgh, ND 96515",N,miles
407,Dean Clark,094-80-6936,"3891 William Ford Suite 217
South Tony, AK 36416",Y,miles
408,Melissa Johnson,222-52-7530,"7352 Jason Square
Lake Chelsea, WV 86112",N,miles
409,Michael Osborne,169-05-9582,"2341 Montoya Way Apt. 429
Lake Lori, KY 54532",N,hours
410,Chad Vasquez,364-96-3366,"5921 Mendoza Pike
Matthewside, PA 61685",Y,miles
411,Thomas Foster,420-37-1838,"Unit 2721 Box 4461
DPO AP 58144",Y,miles
412,Scott Collins,013-37-3502,"58391 Miranda Points Apt. 801
Anneburgh, NE 42803",N,miles
413,Jennifer Underwood,875-01-7520,"2840 Carpenter Crossing
New Garychester, PW 66002",Y,hours
414,Ashley Meyer,342-09-3586,"169 Angelica Port Suite 233
Boydport, SD 89245",N,hours
415,Jeffrey Smith,569-39-9474,"727 Callahan Ranch
South Gerald, VA 58123",N,miles
416,Gwendolyn Scott,682-88-9370,"6271 Jordan Summit Apt. 945
Port Zachary, NH 15653",N,hours
417,Marissa Lambert,246-66-1942,"127 Bobby Plaza Apt. 822
Campbellfurt, IL 40929",N,hours
418,Dale Shelton,378-15-9290,"5354 Cordova Bypass Suite 324
Melissatown, MO 02428",Y,hours
419,Jennifer Ray,118-75-1619,"7053 Bailey Shoal Apt. 638
Ericaland, FL 76530",Y,hours
420,Tiffany Torres,350-44-5091,"754 Pierce Valley Suite 566
Shaneberg, FL 32808",Y,miles
421,Paul Tyler,279-57-5421,"4089 Nicole Lodge Suite 544
East Jeremy, CO 51014",N,miles
422,Nicole Peterson,311-95-9643,"85240 Aaron Lights
New Kenneth, MI 38509",N,hours
423,Erik Hoffman,410-80-2559,"0142 Brown Meadow Suite 428
Parkerview, GU 41112",Y,hours
424,Jonathan Berg,122-94-6897,"1417 Ana Club
West Tammyport, PR 67068",N,hours
425,Kaitlin Manning,224-87-4597,"83236 Michael Mountains Apt. 183
Port Margarettown, CA 97578",Y,miles
426,Bridget Schroeder,099-39-9727,"295 David Terrace Apt. 604
Michaelborough, ID 70243",N,hours
427,Curtis Graham,390-39-8931,"3186 Joseph Valleys
West Claire, AK 10172",Y,hours
428,Jennifer Perez,082-74-0666,"991 Paul Orchard Apt. 871
South Jackport, IL 88479",N,hours
429,Jeffrey Morse,346-82-6713,"PSC 8751, Box 8455
APO AP 48496",N,hours
430,Dawn Pierce,465-64-6719,"USNV Carter
FPO AA 55965",N,hours
431,Jennifer Roman,368-56-5766,"PSC 1642, Box 1607
APO AP 41935",N,hours
432,Dr. Christina Anderson DVM,098-03-4963,"242 Nelson Court Apt. 780
Matthewstad, VI 74847",Y,miles
433,Shane Foster,826-82-1481,"53250 Smith Highway
Newmanhaven, NE 32460",N,miles
434,Kevin Meyer,431-70-4593,"8152 Katelyn Isle Suite 734
Hancockbury, DC 43209",Y,hours
435,David Brown,114-87-2679,"30376 Thompson Spurs Suite 728
West Angela, MP 36799",Y,hours
436,Tara Clark,598-89-7161,"5023 Michael Terrace Apt. 414
Howardside, KS 07465",Y,hours
437,Natalie Lee,732-88-0528,"5428 Michael Trace
Barryberg, GU 12670",N,hours
438,Christopher Jones,445-01-4774,"837 Walter Ramp Suite 823
New Samanthamouth, NY 01549",Y,hours
439,Kara Phillips,746-62-9015,"16852 Jeffrey Meadows
New Seanville, SC 69929",N,miles
440,Patrick Jones DDS,704-65-7591,"50568 Martin Flat Suite 357
New Monicashire, OH 37585",Y,miles
441,Travis Aguilar,284-67-1380,"69224 Danielle Meadows
Tonyafort, AL 98179",N,miles
442,Krista Fitzgerald,657-29-5900,"253 Jacob Dale
Stevenland, VI 80959",N,hours
443,Danielle Freeman,189-91-5366,"7010 Hogan Corners Apt. 769
Bennettstad, NJ 57857",N,miles
444,Antonio Lee,030-18-7258,"9392 Evans Creek
Josephview, KS 60194",N,hours
445,Nicole Johnson,319-44-4405,"8623 Andrew Alley Suite 722
East Mikeborough, WY 41278",N,miles
446,Kevin Clark,872-52-6409,"714 Cox Passage Suite 006
Troybury, PW 81058",Y,hours
447,Heidi Potts,051-91-9096,"56690 Byrd Manor Apt. 625
Williamsonstad, MT 92914",N,hours
448,Michael Francis,233-65-5262,"237 Jesse Gardens
Josephhaven, RI 91539",N,miles
449,Nicholas Davis,203-51-5915,"266 Phillip Prairie Apt. 096
East Mark, OH 21042",Y,miles
450,Cynthia Welch,665-09-0710,"20516 Williams Plaza
Brianastad, WY 62392",Y,hours
451,Steven Davis,710-69-2807,"7223 Roberts Walk Apt. 489
Lake Juliefort, FL 45598",Y,miles
452,Joshua Tran,176-11-7242,"5915 Ricky Valleys Apt. 848
North Dianaport, KS 69127",N,miles
453,Ariel Parsons,016-59-4695,"6175 Jennifer Street Suite 860
West Andrewton, MA 56097",Y,miles
454,Johnny Miller,326-94-5758,"10156 Griffin Crossing Suite 673
Lake Sharon, NV 18409",N,hours
455,Carolyn Huff,154-15-9021,"5471 Dorsey Park Suite 035
New Timothy, CT 66617",N,hours
456,Scott Melendez,726-07-3946,"933 Thompson Neck Suite 686
Webbmouth, VT 67163",N,miles
457,Christine Jenkins,170-59-8539,"5571 Cory Trace Suite 478
Duffyton, AK 51543",N,miles
458,Samantha Robinson,638-12-2191,"PSC 5808, Box 3599
APO AE 67721",Y,miles
459,Harry Campbell,348-72-7225,"71802 Benjamin Harbor Apt. 036
Kathrynstad, PR 02011",N,miles
460,Ruth Macias,030-28-5534,"042 Christopher Mews Apt. 984
Williamsmouth, WA 15543",Y,hours
461,Brett Lawrence,871-21-6541,"910 Sharon Union
Lake Sandra, NH 89570",N,miles
462,Kristy Wilkins,210-72-1727,"PSC 3903, Box 1162
APO AP 19991",N,hours
463,Mr. Aaron Parker,752-38-8030,"USCGC Tate
FPO AE 88676",N,hours
464,Sarah Ayala,244-73-6674,"54424 Johnson Hill
South Angela, CA 45838",N,hours
465,Jesus Watson,585-69-5338,"56288 Mark Flat
Smithshire, HI 31043",Y,hours
466,Maria Barber,479-87-2971,"9617 James River Apt. 715
Mirandashire, ID 74284",N,hours
467,Catherine Jones,657-04-4341,"96223 Eric Hill
Mccartyport, ND 34592",Y,miles
468,Lisa Hooper,381-14-1333,"USS Rivers
FPO AE 45001",Y,miles
469,Brian Craig,386-74-4405,"6028 Steven Junctions
Kaylahaven, ID 56962",N,hours
470,John Martinez,797-72-1497,"44381 Jennifer Isle
Annettestad, MI 35054",Y,miles
471,Mary Bush,016-89-2604,"8794 David Road Suite 561
Port Michaelburgh, MA 63757",Y,hours
472,Anna Smith,646-46-4838,"PSC 9062, Box 4435
APO AP 32832",Y,hours
473,Charles Mueller,418-85-6298,"Unit 4800 Box 6496
DPO AP 42574",Y,miles
474,Victor Davis,457-19-3843,"0373 Ochoa Fall Apt. 996
Margaretland, MI 37719",N,miles
475,Patricia Velazquez,230-74-6501,"15842 Brown Haven Suite 176
North Paula, WV 14761",N,hours
476,Adam Elliott,727-49-9256,"184 Kenneth Squares Apt. 025
Katherineburgh, MO 19818",Y,hours
477,Laura Shannon,221-81-8276,"92108 Amy Divide Suite 521
Velezmouth, NC 64917",Y,miles
478,Michelle Villegas,137-63-1280,"313 Brett Junction
Port Anthony, PA 09010",Y,hours
479,Patricia Green,021-31-7553,"48258 Hoffman Extensions Suite 738
New Diana, ME 64786",Y,miles
480,April Watts,237-26-5669,"561 Fernandez Meadow Suite 410
Sabrinabury, WY 40297",N,miles
481,Cynthia Boyer,015-49-2834,"470 Reed Vista Suite 979
New Jamie, ID 17157",Y,hours
482,Johnathan Jacobs,766-95-0347,"52217 Alexander Lake Apt. 127
Armstrongville, GU 47237",N,miles
483,Grant Hayes,211-12-8434,"491 Bowers Vista
Port Thomas, MO 01919",Y,miles
484,David Peters,099-71-5095,"96187 Johnson Lights Suite 462
Brookshaven, AR 23548",N,miles
485,Gerald Cain,863-64-4088,"439 Taylor Route
East Alejandro, PW 85302",N,miles
486,Jonathan Roberts,277-65-5189,"760 Peters Burgs Apt. 747
Port Lauramouth, MN 09286",N,miles
487,Debbie Fitzgerald,171-96-0632,"0575 Smith Spur Apt. 809
Port Andreashire, RI 33032",N,hours
488,Joshua Floyd,842-12-2367,"901 Johnson Mills Suite 964
New Robert, AZ 02524",N,hours
489,Robert Phillips MD,204-77-4875,"5338 King Ranch
Bethport, ID 06262",N,miles
490,Allen Williams,039-84-1760,"67265 Jones Mall
Rachelfort, PR 63777",Y,miles
491,Karen Cox,708-62-6651,"USNV Owens
FPO AA 96643",N,miles
492,Dana Hampton,208-96-1049,"0688 Melissa Ports Suite 932
Ginafurt, NE 71858",Y,miles
493,Caitlin Pineda,831-25-5088,"4180 Bishop Villages Apt. 454
New Willie, CA 97467",N,miles
494,Lisa Hill,558-78-4102,"6287 Williamson Rest
Lake Shaunport, LA 20294",N,miles
495,Brian George,806-05-3907,"53652 Kristen Lake
Hunterberg, TN 84442",N,miles
496,Daniel Little,125-76-5297,"894 Mcmahon Meadow Suite 863
Jonesmouth, KY 90940",N,miles
497,Kelly Pearson DDS,062-17-7022,"2541 Clark Light Suite 831
Timothystad, MH 04029",N,hours
498,Pamela Copeland,178-26-4775,"469 Davis Mission
South Crystal, MH 41982",N,miles
499,Carolyn Kirk,145-54-8126,"USNV Logan
FPO AP 55342",Y,hours
500,Elizabeth Montgomery,238-79-0269,"981 White Plaza Apt. 629
Port Erinhaven, SC 80647",N,miles
501,Jonathan Olson,603-68-6877,"9754 Pearson Court
East Brianport, MA 41493",N,miles
502,Troy Diaz,824-10-1831,"04088 Heather Crest Suite 438
Kennethville, GU 59398",N,hours
503,Adam Cantu,313-83-2899,"5546 Christina Vista Suite 452
South Kimberlymouth, NY 56258",N,hours
504,James Hancock,342-49-7518,"7530 Michael Shoals Apt. 704
Lake Danatown, FL 81767",N,hours
505,Jennifer Hawkins,300-38-7833,"66741 Tucker Green Suite 345
North Ryan, NC 56305",Y,hours
506,Mr. Robert Taylor Jr.,604-63-9108,"68777 Corey Route
Patriciaton, MA 27910",N,miles
507,Elizabeth Coleman,692-08-9662,"4506 Cole Way
North Savannahborough, ME 39373",N,hours
508,Louis Jones,491-48-2829,"184 Joshua Inlet
Perezmouth, NC 19846",Y,hours
509,Melissa Gutierrez,870-67-3467,"26680 Ingram Port Apt. 642
Steveville, WA 56832",Y,miles
510,John Adams II,367-50-4350,"PSC 4121, Box 6498
APO AE 86008",Y,miles
511,Brent Collins MD,703-78-9421,"37378 Ramsey Mall Apt. 382
New Stevenhaven, IN 57677",N,miles
512,Christopher Santiago,094-69-8153,"7514 Rogers Camp
New Richardhaven, AL 20973",Y,hours
513,James Green,541-80-8700,"93884 Jones Grove
North Jenniferbury, AL 49229",N,miles
514,Angela Navarro,094-11-2185,"9658 Carly Cape
Woodberg, ID 36349",Y,hours
515,Katie Mitchell,826-59-2899,"4684 Vasquez Point Apt. 678
Jessicaton, VA 07060",Y,miles
516,Jacqueline Barton,586-23-0992,"970 Matthew Stravenue
South Patrickburgh, OH 24119",Y,miles
517,Mark Davis,684-75-1413,"60936 Karen Shoal Apt. 366
New Timothybury, OH 01094",N,hours
518,Sherry Edwards,649-87-0810,"27036 Jill Rest
Clarkburgh, PW 04554",N,hours
519,Kathleen Foster,543-99-2886,"4037 Williams Stravenue
Christensenside, ME 41280",Y,hours
520,Bobby Smith,409-07-0187,"25797 Wright Motorway
North Hannahburgh, AZ 38731",Y,hours
521,Michael Hammond,798-79-2592,"81093 Natalie Junction
Ericton, AZ 29451",Y,hours
522,Tara Lawrence,243-47-2705,"27960 Amanda Freeway Suite 632
Jamieview, VI 68078",N,miles
523,Carrie Dillon,126-59-3620,"57013 Gibbs Crest Apt. 508
Stephanieton, DE 95522",Y,hours
524,Sean Sloan,835-21-4979,"142 Billy Island Suite 731
Jameston, ME 87507",N,hours
525,Kelsey Peterson,824-63-6386,"04326 Christopher Lake
Daniellemouth, KS 66763",Y,hours
526,Suzanne Mcdonald,872-85-5973,"63415 Ferrell Park Suite 177
East Karenfort, OR 31415",N,miles
527,Jessica Smith,891-52-8598,"8425 Thompson Trafficway Apt. 725
Williamburgh, IA 41556",N,hours
528,Toni Ramirez DVM,148-36-2033,"12601 Holly Plains
Whiteside, ME 88145",N,miles
529,Ashley Payne,634-12-4642,"62796 Hoffman Radial
Shawnside, MH 12320",N,miles
530,Derrick Wells,715-96-1105,"89732 Lisa Orchard Suite 535
Loweberg, AK 13919",N,miles
531,Courtney Martinez,807-70-9767,"3191 Mata Mount
South Tyler, GA 59450",N,hours
532,Justin Smith,335-23-6689,"30720 Rodriguez Neck Apt. 681
Lake Breannastad, MP 45412",Y,miles
533,Brandon Wallace,001-97-5231,"58121 Mason Plain
Woodbury, TX 25196",Y,miles
534,Brittney Wiggins,475-74-7056,"7051 Wilcox Parkways
Anthonyland, MD 13006",Y,hours
535,Crystal Hawkins,120-37-9661,"5230 Jones Squares
Lake Antoniofort, IL 09173",Y,hours
536,Clifford Dean,401-93-0338,"1800 Matthew Gateway
Devonland, MT 14647",N,hours
537,Robert Koch,689-34-7313,"PSC 4133, Box 6497
APO AP 30676",N,hours
538,Ricky Ford,393-03-0754,"2565 White Summit Apt. 820
Pearsonhaven, IN 76906",N,hours
539,Nathaniel Davis,059-16-7194,"7409 William Keys Suite 789
Lake Brendaville, FM 66996",Y,hours
540,Donna Hernandez,134-16-6166,"0896 Jesse View
Matthewshire, LA 90861",Y,hours
541,Patrick Cuevas,896-09-6123,"74450 Corey Court
New Vickiburgh, MD 08941",Y,miles
542,Christopher Berry,676-71-1602,"0998 Paul Club
Burkehaven, SD 88208",Y,hours
543,Alfred Hill,759-27-4790,"Unit 0880 Box 0120
DPO AA 60801",Y,hours
544,Shawn Wang,298-06-4886,"355 Daniel Gateway Apt. 869
Blackville, MD 78583",N,miles
545,Ethan Thomas,215-39-1703,"21141 Nicholas Shores Suite 571
Monicahaven, FL 52391",N,miles
546,Brent Alexander,863-78-0241,"055 Marisa Circles Apt. 019
Larryfurt, CO 73910",N,hours
547,Frederick King,895-42-4378,"57595 Marcus Freeway
Craigville, SD 09464",Y,miles
548,David Hill,044-31-9378,"00480 Nolan Knoll
Lake Jorge, UT 68751",Y,hours
549,Laura English,480-70-1071,"157 Ronnie Terrace Apt. 588
Hallmouth, VI 52605",N,hours
550,Erin Brown,692-43-3910,"648 Martinez Trafficway Suite 674
North Charleshaven, NE 97396",N,miles
551,Matthew Molina,295-33-7828,"23299 Amanda Way Apt. 559
Turnerside, LA 63373",Y,hours
552,Emily Torres,460-65-4027,"PSC 8319, Box 6394
APO AA 09807",N,hours
553,Tracy Arroyo DVM,044-16-3980,"993 Flores Estate
Rochaland, VA 64987",Y,miles
554,Jennifer Gallegos,352-98-1894,"203 Travis Mountains
South Destiny, RI 78836",Y,hours
555,Claudia Sullivan,567-40-8017,"14473 Garrison Roads Suite 884
Amandaside, NY 42123",N,miles
556,Sean Simmons,176-98-2165,"397 Tammy Square Apt. 696
Walshton, VA 08159",Y,miles
557,Hector Watson,074-26-4300,"37439 Myers Views Apt. 056
East Justinport, VI 48521",Y,miles
558,Eduardo Graham,402-03-2770,"535 Short Plains Suite 983
East Elizabeth, NC 10030",Y,miles
559,Ian Nielsen,404-02-1645,"6981 Daugherty Stream Suite 127
Lake Rubenburgh, OR 04183",N,hours
560,Travis Mcmahon,846-25-0962,"42051 Richardson Station Suite 059
Martinfort, PW 85806",Y,hours
561,Katie Ramos,225-62-0620,"735 Brown Burgs
Megantown, SC 25235",Y,hours
562,Anne Hoffman,426-80-9725,"0329 Brown Drives Suite 952
Walkerview, AL 38248",N,miles
563,James Phillips,634-52-5259,"84575 Adams Village
Johnsonshire, MI 46582",N,miles
564,Nathan Pope,620-90-0273,"5953 Russell Run Suite 064
Thompsonfort, GU 91192",N,miles
565,Lisa Sweeney,217-72-4432,"44927 Janice Flat Apt. 605
Mariahburgh, PW 43578",Y,hours
566,Jason Roberts,310-49-5698,"9400 David Mountain Apt. 270
Jacquelinechester, OH 78275",Y,hours
567,Tina Burgess,429-62-2966,"90229 Andrew Plains
Adamsport, MN 98202",Y,hours
568,Lauren Davis,504-18-0412,"PSC 0857, Box 2507
APO AP 13085",Y,hours
569,Anthony George,197-02-2024,"750 Breanna Lock Suite 535
Smithtown, VT 78323",Y,miles
570,Wayne Pierce,258-78-1484,"712 Walker Common
Marshallstad, CA 68954",Y,hours
571,Megan Torres,167-71-7082,"1648 Michael Corner Apt. 768
New Susan, IA 65697",Y,hours
572,William Meyer,842-98-0287,"55245 Gould Green Apt. 423
West Michaelshire, NV 41798",N,miles
573,John Cunningham,197-18-0050,"88873 Ryan Valleys
Lunafort, GU 59540",Y,hours
574,Michael Kelly,505-54-2397,"092 Andrews Groves
Rodgersstad, ND 94087",Y,hours
575,Tamara Morton,849-42-8306,"722 Price Mews Apt. 629
North Devon, NE 79987",Y,miles
576,James Dominguez,424-66-2485,"5332 Thomas Forks
Farmerton, CT 45208",Y,hours
577,Benjamin Nelson,560-31-0447,"61781 Robert Inlet Suite 567
Lake Reginaldtown, AL 47076",Y,miles
578,Amy Smith,578-48-4814,"81300 Franco Vista Suite 507
Normaview, MH 89713",Y,miles
579,Mallory Roach,734-95-3552,"PSC 0140, Box 3725
APO AE 41646",Y,hours
580,David Garrett,885-05-5641,"212 Flores Wall Apt. 638
East Maryburgh, VA 87672",N,hours
581,Joshua Brown,292-99-3410,"7165 Jeremiah Haven Suite 378
Jacksonmouth, AK 13009",N,hours
582,Pamela Moore,432-19-4567,"436 Mora Circle Apt. 717
Rioston, WI 19333",Y,hours
583,Daniel Wilson,796-55-8642,"455 Lutz Divide
Crystalshire, KY 69230",N,miles
584,Trevor Velazquez,896-60-4470,"282 Laura Stravenue Suite 817
Christensenshire, FM 81381",N,hours
585,Michael Crane,571-87-0759,"34684 Johnson Motorway
Christopherview, NC 28631",N,miles
586,April Newman,575-51-0630,"3521 Rios Forges Suite 372
Ambershire, MI 78382",Y,hours
587,Tamara Hill,060-10-5059,"609 Maria Plaza
South Brian, ND 67840",N,hours
588,Thomas Mckee,848-22-7267,"415 Ellis Hills
North Sandra, AL 89423",Y,miles
589,Taylor Hunt,788-67-3919,"689 Mosley Falls Apt. 319
Christinachester, PW 21456",N,miles
590,John Lawrence,267-08-9295,"564 Hunt Lake Suite 304
Emilyland, NE 20556",Y,hours
591,Gary Foley,008-01-0368,"18246 Harris Key Suite 605
Monicahaven, GA 54222",Y,miles
592,Amber Pratt,498-70-8974,"Unit 2376 Box 9098
DPO AE 37488",Y,miles
593,Rebecca Pennington,732-96-5240,"516 Sawyer Common Apt. 494
Lake Michaelview, TN 18703",N,hours
594,Jane Rogers,154-26-5772,"640 Mitchell Drive Apt. 269
North Angela, RI 63229",N,miles
595,Tami Johnson,531-69-2433,"362 Wood Corner Suite 196
North Lindsayview, VA 86976",N,hours
596,Brent King DVM,601-70-8892,"1779 Tony Walk Apt. 875
Cervantesfurt, AL 10393",N,hours
597,Desiree Reid,699-59-7427,"169 Golden Heights
Edwardfurt, OH 64082",N,hours
598,Sherry Anderson,279-97-3323,"72104 Jaclyn Rapids
North Kayla, SD 42975",N,hours
599,John Johnson,772-96-2106,"85247 Gutierrez Crossing Suite 761
Joshuachester, OH 29908",Y,hours
600,Cindy Harris,576-38-5407,"3772 Glenn Skyway Suite 722
West Patrickfurt, HI 16386",Y,hours
601,Kenneth Rodriguez,582-82-2812,"299 Amanda Springs Apt. 874
New Isaac, ME 38195",Y,miles
602,Patricia Ray,363-38-0218,"1047 Elizabeth Branch
Michaelhaven, GA 97648",Y,miles
603,Jeffrey Munoz,086-34-5626,"6243 Duran Drive
Wilsonside, DE 73145",N,hours
604,Thomas Weaver,183-52-9042,"Unit 2361 Box 5507
DPO AP 85830",N,hours
605,William Rodriguez,190-53-3132,"24226 Eugene Route Apt. 601
New Scott, WY 82557",Y,hours
606,Norman Butler,812-11-9819,"338 Humphrey Circle
Keithview, AR 12920",N,hours
607,Donald Holt,800-97-2467,"01482 Douglas Walk Suite 360
East Jessica, KS 71274",Y,hours
608,Belinda Cherry,729-67-0184,"40706 Brown Camp
South Davidmouth, DC 27682",N,miles
609,Kelly Mitchell,865-12-6817,"9074 Baker Fields Apt. 902
North Christyshire, KY 22034",N,miles
610,Grant Smith,382-49-8599,"4699 Baldwin Street
Fullerberg, MP 53667",Y,hours
611,Sarah Bradley,745-93-5516,"549 Rogers Wells Apt. 902
West Destinychester, NJ 38112",N,miles
612,Susan Haney,843-66-1439,"49136 Garrett Unions Apt. 124
Port Jose, NJ 73081",Y,hours
613,Daniel Mcbride,330-80-8682,"721 Curtis Coves Apt. 425
South Lorifort, WV 58938",N,miles
614,Tammie Chavez,272-86-5878,"PSC 4345, Box 7187
APO AP 43112",Y,miles
615,Carol Thomas,162-34-6240,"57688 Vance Mount
New Kevin, PW 25736",Y,hours
616,Jennifer Fernandez,479-63-2688,"26800 Garcia Wall Suite 587
Danastad, GA 64303",N,miles
617,Samantha Phelps,260-84-7084,"4401 Cindy Mount
South Williamburgh, VA 48787",Y,hours
618,Kimberly Hines,367-42-4740,"Unit 8685 Box 0928
DPO AE 22672",Y,hours
619,Cheyenne Dougherty,701-64-6051,"916 Mary Inlet Suite 703
Catherineport, MA 30212",N,hours
620,Charles Cook DDS,087-09-9615,"35271 Page Station
East Brandon, GU 29947",Y,miles
621,Molly Carey,066-56-2223,"36820 Jones Haven
Amybury, NH 55173",N,hours
622,Chris Tucker,462-92-3024,"5408 Fuentes Radial
Port Mandyside, AZ 09308",N,miles
623,Jack Carr,708-83-1762,"5011 Mejia Center Apt. 395
Chelseaville, CO 70532",Y,hours
624,Eric Bender,581-92-6173,"4027 Jones Port
Hernandezmouth, TN 86040",N,hours
625,Kelly Cooper,606-81-2875,"2752 Sarah Road Suite 870
East Brandon, NV 98915",Y,hours
626,Adam Smith,073-87-9310,"PSC 2741, Box 2784
APO AA 97237",Y,miles
627,Shawn Rowland,180-38-3271,"2753 Robinson Ranch Apt. 704
South Matthew, VI 91240",Y,miles
628,Dave Collins Jr.,431-36-7330,"4728 Lindsey Pike Suite 755
New Guyland, OK 71357",N,miles
629,Anthony Roman,382-49-0545,"5631 Hicks Ports
West Maryfort, CA 28617",N,miles
630,Nicholas Benson,479-67-3513,"3564 Amanda Motorway
East David, AS 03413",N,miles
631,Jason Nguyen,189-56-8616,"508 Wells Stravenue
Port Billyview, FL 45500",N,hours
632,Deborah Valdez,789-34-8490,"88915 Gonzalez Court
Lake Victoriachester, VI 09954",Y,hours
633,Cory Whitney,291-09-0697,"127 Miller Overpass
Gordonport, OK 75243",Y,hours
634,Alexandria Williams,638-76-1415,"9454 Stone Orchard
Anthonytown, KS 92904",Y,hours
635,Allison Mitchell,310-67-2522,"PSC 4379, Box 9956
APO AP 25766",N,hours
636,Mrs. Christina Tucker,689-21-4065,"5192 James Brook
Port Willie, KS 91969",N,miles
637,Shelly Carpenter,811-82-8900,"9530 Daniel Meadow
Buckmouth, OR 14800",N,hours
638,Craig Martinez,449-32-0820,"105 Jackson Square Apt. 250
East Sean, NE 24986",N,hours
639,Benjamin Fischer,855-46-0225,"8121 Burke Field Apt. 023
Port Laurenstad, AL 10537",Y,miles
640,Tammy Collins,368-93-7348,"009 Stephanie Dam Suite 259
Jonesborough, UT 53035",N,hours
641,Stacy Alvarado,557-03-4043,"098 Jones Highway
Chenport, NM 67365",Y,miles
642,Kevin Beck,864-24-0729,"2513 Nathan Loaf Apt. 211
South Nancychester, CT 65304",N,miles
643,Kayla Cisneros,835-20-3130,"9109 Herrera Station Apt. 590
New Mary, SC 74052",Y,hours
644,Cassidy Robinson,639-70-7499,"1923 Lisa Pike
North Desireetown, AR 84778",Y,miles
645,Charles Gray,746-55-7618,"95454 Roberson Key
South Scottburgh, UT 14069",Y,hours
646,Selena Peters,824-14-4672,"160 William Lights Suite 238
Martinezfurt, CA 50718",Y,miles
647,Anthony Foster,160-67-1142,"278 Hickman Neck Suite 123
South David, ID 90655",N,miles
648,Charles Luna PhD,746-49-9316,"689 Eric Trace Suite 718
Hughesfort, IA 13189",Y,hours
649,William Williams,456-53-1502,"967 Harding Freeway
West Ashley, NM 69223",Y,miles
650,Christina Sanders,001-76-7167,"0836 Flores Plain Apt. 193
New Jeremyland, KY 09643",N,hours
651,Bradley Davis,700-54-4220,"98853 Lewis Mill
Smithshire, NE 44438",Y,miles
652,Christopher Campbell,138-89-2539,"1361 Carl Walk Suite 564
West Susan, WA 18796",N,hours
653,Robert Hernandez,543-17-4009,"768 David Springs
Moorefort, MA 14785",N,hours
654,Susan Sanchez,356-06-0121,"460 David Roads
Warrenshire, NE 50391",N,miles
655,Jason Warren,651-47-1937,"80853 White Row
Kimberlyville, LA 24961",N,miles
656,Rebecca Long,360-28-6884,"1026 Vazquez Point Apt. 080
Matthewburgh, WY 16139",Y,miles
657,Christopher Austin,771-65-7939,"471 Hawkins Fork Suite 143
Kristyland, TX 34051",Y,miles
658,Jennifer Chavez,249-47-0074,"5771 Melissa Land Suite 124
Port Marialand, WV 36332",Y,miles
659,Richard Evans,664-64-7544,"11220 Tim Prairie
South Heatherview, NC 47974",Y,hours
660,Samantha Thompson,011-54-0146,"1609 Peterson Prairie
New Billy, HI 34810",N,miles
661,Teresa Reyes,458-36-2085,"8838 Tiffany Fields Apt. 515
West Michellefurt, CA 23422",N,hours
662,Lori Zuniga,695-59-0706,"643 Monica Underpass
Montoyaborough, SD 86446",N,hours
663,Dennis Hayes,149-73-6633,"0525 Kevin Flats Apt. 420
New Masonville, PA 17994",N,hours
664,Alan Ward,114-96-6070,"57143 Chelsea Lake
Garciastad, NY 66899",N,hours
665,Mary Lyons,183-82-8680,"7399 Nathan Crest
Pamelaville, IA 42431",Y,miles
666,Karen Miller,447-02-3340,"5030 Anthony Center Apt. 217
Powersville, GA 95692",Y,miles
667,Nancy Campbell,081-34-9734,"97058 Maurice Garden
Kelleyhaven, LA 00524",N,miles
668,Michelle Bonilla,634-29-4814,"6155 Jennifer Common Apt. 134
New Sheryl, RI 49622",Y,hours
669,Sarah Gonzales,806-98-5543,"007 Chad Street
East Christina, IN 19454",N,hours
670,Amanda Richardson,501-15-8230,"53417 Maynard Mount
Bakerhaven, VI 86836",N,hours
671,Lynn Ellis,398-70-3695,"562 Joseph Summit Suite 187
Johnport, ME 51474",N,miles
672,Matthew Lee,801-12-7053,"0653 Stephanie Inlet Apt. 650
Terristad, WA 28868",Y,miles
673,Russell Estrada,556-17-9970,"35111 Charles Coves
Markville, KS 88581",N,hours
674,Lindsey Young,310-04-8165,"16629 Nichole Crossing Suite 604
North Angelaville, DC 81101",Y,miles
675,Christina Williams,126-25-3314,"7729 Bethany Tunnel
South Harryfort, ME 58846",Y,miles
676,Brian Murphy,312-88-9823,"PSC 9320, Box 9742
APO AA 95893",N,hours
677,John Whitaker,580-97-8927,"99482 Francisco Lake
West Joannestad, KY 01555",N,miles
678,Steven Clark,319-08-1459,"684 Cindy Mountain Apt. 129
Kathleenstad, HI 61332",N,hours
679,Stephanie Ortiz,865-36-5657,"153 Jacob Prairie
Susanhaven, DC 08596",Y,hours
680,Erica Hall,790-36-7762,"60703 Park Lane Suite 186
Jacobshire, DC 38364",N,hours
681,Joseph York,377-36-3395,"PSC 4972, Box 7698
APO AP 99390",N,hours
682,Mary Sanchez,799-08-6716,"442 Angela Village
Michaelfort, HI 58028",N,hours
683,Blake Riddle,773-36-8695,"77534 Kelly Road Apt. 420
West James, ID 84742",N,miles
684,Brittney Washington,132-82-1609,"933 Davis Isle Suite 880
New Linda, PA 51402",N,hours
685,Wendy Bean,345-17-7916,"739 Christina Island
East Susan, OH 85773",Y,miles
686,Anthony Huff,679-08-7352,"49178 Brown Throughway
South Benjamin, IL 45429",Y,hours
687,Ralph Richardson,267-41-2785,"39161 William Camp
Lindaberg, AZ 47165",N,miles
688,Carlos Williams,528-77-8763,"099 Lewis Ranch
Lake Jeffrey, MN 19945",N,hours
689,Janet Jenkins,830-51-2190,"095 Rice Groves
South Robertfurt, MO 45718",N,miles
690,James Taylor,367-41-6161,"91380 Elizabeth Vista
Loriport, FM 10798",Y,hours
691,Zachary Spears,588-73-3021,"259 Lee Bridge Suite 641
New John, TX 31690",Y,miles
692,Hannah Hoffman,336-82-6585,"77575 Steele Vista Suite 895
New Josephview, WV 71174",Y,miles
693,Stephanie Anderson,154-45-2820,"9775 Mary Ranch
Morenochester, OH 59685",N,miles
694,John Hawkins,660-54-2681,"7059 Williams Route Apt. 993
Rachaelfurt, MN 66949",N,hours
695,Christopher Padilla,289-89-8307,"USNV Larson
FPO AA 30157",N,miles
696,Joe Turner,653-63-9249,"6431 Nichols Place
Changland, FL 84152",Y,miles
697,Amanda Johnson,238-55-9105,"329 Ross Trafficway Apt. 079
Pierceland, RI 51413",N,hours
698,Julie Poole,511-52-6397,"6162 Brown Lock Apt. 437
Ortegafurt, WV 94037",Y,miles
699,Michael Williamson,116-67-8666,"USNV Steele
FPO AE 80833",Y,hours
700,Cynthia Richards DDS,563-49-8540,"73519 Katherine Junction
Stevenville, ID 17499",N,miles
701,George Carey,649-59-1836,"37348 Parker Green Suite 346
Emilyburgh, UT 35219",N,hours
702,Clarence Wood,580-13-6507,"7741 Robin Field
East Sherry, MA 20176",N,miles
703,Rhonda Mcknight,223-27-5845,"30324 Briana Haven Suite 877
Mooreborough, VA 95244",Y,miles
704,Gary Whitaker,869-53-0203,"Unit 5653 Box 5502
DPO AA 92976",N,hours
705,Jordan Kidd,463-18-3994,"03323 Melanie Common
Brandiview, OK 58587",N,hours
706,Emily Brady,254-26-7465,"54706 Katrina Manors
Fostermouth, MN 60664",Y,miles
707,Darren Montoya,817-71-9371,"369 Deborah Rapids
New James, SD 39844",N,miles
708,Rebecca Anderson,469-87-3065,"759 Wright Stream Apt. 266
Port Gregory, TX 46646",N,miles
709,Timothy Larson,426-17-8946,"03517 Hall Rapid
East Suzanneberg, HI 53933",Y,hours
710,Molly Alvarado,694-25-1996,"307 Matthew Centers
West Aprilbury, MP 27247",Y,hours
711,Roger Flores,349-91-5905,"0921 Garza Ways
Briantown, AK 77508",N,miles
712,Christina Jones,866-96-7996,"9789 Barnett Court
West Todd, IA 05289",N,miles
713,Jessica Lane,134-45-5040,"0885 Bell Motorway Apt. 840
South Christopher, LA 46794",Y,miles
714,Nathan Wright,850-05-6888,"PSC 6037, Box 8759
APO AE 19484",Y,hours
715,William Hayes,108-79-3888,"9409 Burns Junctions Suite 390
Youngport, NH 50503",N,hours
716,Amy Mcneil,120-38-2566,"352 William Hollow Suite 545
Michaelmouth, MT 34889",N,miles
717,Joseph Bailey,122-22-3244,"52050 Crosby Parkway Apt. 583
Barronstad, MP 38028",N,hours
718,Eric Jackson,401-01-0649,"35115 Jackson Forks
Erikburgh, LA 43845",Y,miles
719,Nicole Burns,789-81-8959,"432 Khan Viaduct
Westchester, FM 88463",N,hours
720,Amanda Mcbride,320-97-9594,"571 Hayes Mall
New Mark, NH 83223",Y,miles
721,Kenneth Johnson,330-83-4515,"264 Wiggins Fort
Shawnton, KS 29376",Y,miles
722,Kenneth Wheeler,427-90-6913,"298 Jacobs Mountain Suite 871
Ramirezside, MT 29087",Y,hours
723,Rebecca Hunter,765-13-6272,"91628 Jenna Key
Whitehaven, AS 68067",N,miles
724,Mr. Erik Soto,628-45-1123,"3908 Colin Ranch Suite 623
Johnsontown, NE 95918",Y,miles
725,Tiffany Lewis,377-19-4415,"953 Burke Plains Suite 605
Port Teresaville, MH 03440",N,hours
726,Jordan Sanders,770-86-0600,"PSC 8653, Box 7399
APO AP 26891",N,hours
727,Susan Jones,883-91-5662,"2592 Cowan View Apt. 399
Port Donaldport, NV 10274",Y,hours
728,Jessica Campbell,036-41-2922,"100 Bailey Island Suite 438
Nicoleton, MI 86811",N,miles
729,Sandy Carter,022-63-8706,"1722 Sanchez Canyon Suite 250
Lake Mariabury, MT 89745",N,miles
730,Heather Ross,573-93-8994,"41511 Garcia Valley Apt. 720
Brownbury, RI 70892",N,miles
731,Russell Reed,317-87-7988,"9844 Katelyn Course
Jessicaside, HI 56490",Y,miles
732,Stephanie Collins,710-55-1878,"31680 Mark Loop
East Kristenhaven, PA 52870",Y,miles
733,Brett Gonzalez,616-57-2560,"Unit 9777 Box 5432
DPO AE 03431",Y,miles
734,James Lopez,541-36-1541,"734 Anne Glen
New Jessica, NH 47262",N,miles
735,Michelle Nicholson,200-48-2810,"528 Jeremy Field Suite 498
West Amberville, HI 32935",Y,hours
736,Lisa Rogers,206-47-5935,"83274 Hall Radial
Caldwelltown, KY 92552",N,hours
737,Daniel Wood,269-61-8284,"20787 Gregory Rapid
Lake Ericside, UT 26084",Y,miles
738,Devon Brown,565-76-8343,"USCGC Hall
FPO AP 15194",N,hours
739,Elizabeth Gibson,571-77-5570,"24507 Ian Rue Suite 332
Marshallfurt, KS 32808",Y,hours
740,David Rose,464-01-8955,"PSC 6284, Box 9440
APO AA 37490",N,miles
741,Tanya Ferguson,249-55-0674,"44111 Olson Extension Suite 745
West Carolineshire, FM 56902",Y,hours
742,Wendy Arnold,771-63-9548,"52708 Chad Rapid
Andrewfort, MS 55943",N,miles
743,Jessica Parker DDS,652-41-9412,"448 Nguyen Junction Apt. 893
New Paulshire, PW 22155",Y,miles
744,Thomas Bradley,539-99-0761,"06878 Sharon Throughway Suite 001
North Ashley, IN 40861",N,hours
745,Kathleen Robinson,070-99-5592,"928 Cameron Haven Apt. 737
South Karaville, AR 45608",Y,miles
746,Virginia Anderson,637-34-4809,"000 Cameron Turnpike
Samanthaport, TN 32768",N,miles
747,Kevin Martinez,450-77-1512,"33376 Bryan Plains
Port Mike, KS 86501",Y,hours
748,Kevin Ortiz,069-61-5646,"53596 Andrew Manor
Barbarabury, VI 72791",N,hours
749,Regina Anderson,422-57-3484,"088 Avila Fall
Lake Robert, PW 83872",Y,miles
750,Ian Hill,854-41-9500,"41547 Flores Loaf Suite 617
Port James, ME 93265",N,hours
751,Philip Patrick,730-77-2924,"Unit 1484 Box 6634
DPO AP 77606",N,miles
752,Jack Baker,033-14-3385,"4478 Phillips Trail
South Williamstad, MI 13732",N,hours
753,Vicki Solis,212-79-1030,"Unit 4032 Box 3175
DPO AA 66238",Y,hours
754,Brandi King,131-26-8882,"622 Shaw Turnpike
Monroeport, NE 58573",Y,miles
755,Sydney Miller,428-13-8436,"USNS Kennedy
FPO AA 85909",N,hours
756,Matthew Fritz,358-60-4461,"22637 Murphy Corners Apt. 218
Rebekahbury, NJ 68221",N,hours
757,Judith Dickson,241-20-7256,"456 Donna Mountains Suite 028
Deckerborough, IN 65225",Y,miles
758,Frank Peterson,726-39-1417,"767 Joseph Mission
East Brianton, MO 83587",N,miles
759,Michael Hill,224-51-7675,"147 Todd Ridges
Lake Mary, KS 64193",N,hours
760,Mary Townsend,183-14-8835,"117 Brittany Squares Apt. 558
Gibbsside, VA 46107",Y,miles
761,Seth Cohen,489-56-8927,"Unit 4501 Box 9721
DPO AP 83206",N,hours
762,Chloe Martinez,307-35-9276,"PSC 0824, Box 6782
APO AE 11898",N,hours
763,Daniel Palmer,876-09-2089,"USNS Farrell
FPO AE 72411",Y,hours
764,Frank Griffin,208-80-5825,"4888 Mark Summit Suite 460
Morganview, AK 94725",N,hours
765,Laurie Griffin,401-72-8418,"811 Ball Tunnel Apt. 171
New Kathleen, ND 43014",N,hours
766,Matthew Taylor,672-74-2721,"41529 Schultz Key Apt. 404
Johnsonfurt, MO 87536",N,hours
767,Taylor Thompson,157-66-0339,"25037 Anthony Stream
Antoniotown, IL 20028",Y,miles
768,Adam Clark,084-62-9217,"03804 Joshua Mountain
Shawnstad, CO 70038",Y,miles
769,Meagan Black,175-53-8289,"8137 Richard Lane Apt. 624
Greenmouth, PW 30542",N,miles
770,Henry Bennett,647-02-2309,"84495 Simmons Drive
Madisontown, AZ 37535",N,hours
771,Jasmine Rodriguez,368-31-1394,"07022 Elizabeth Knoll
Watsonberg, UT 41802",Y,miles
772,Nicholas Ramos,758-79-8988,"95225 Rosales Road Apt. 031
Lake Jeffrey, MH 16103",Y,miles
773,Jeremiah Campbell,613-67-3840,"746 John Cape Suite 404
Port Candice, MH 11500",Y,hours
774,Anthony Noble,239-78-3091,"12588 Foster Shores Apt. 557
Lake Patricia, AZ 89013",Y,hours
775,Michael Davis,200-71-1327,"0290 Carter Island Suite 781
Nicoleland, CA 28263",N,miles
776,Scott Ray,804-91-0802,"PSC 0304, Box 3486
APO AE 51314",Y,miles
777,Christina Clay,813-87-7477,"USNV Bailey
FPO AE 62205",N,miles
778,Johnny Evans,311-54-1622,"1211 Crawford Vista Apt. 142
South Anitaburgh, MS 53304",Y,miles
779,Sherri Crawford,096-48-1080,"3443 Brown Divide Suite 766
Woodsshire, NM 43548",Y,hours
780,Meghan Cook,358-81-0748,"62158 Tammy Fork Suite 213
New Deniseburgh, NM 09814",Y,miles
781,Mary Dominguez,847-49-5943,"9469 Daniel Summit Apt. 018
New Meredith, RI 94730",N,hours
782,Steven Austin,311-43-9188,"962 Solomon Rue Apt. 705
Harringtonfort, GA 82293",N,miles
783,Rodney Carney,119-01-1952,"884 Michelle Valley Apt. 594
Antoniobury, MD 42558",Y,miles
784,Matthew Miller II,671-30-8690,"838 Ramirez Port
Port Thomastown, IN 93319",N,hours
785,Sydney Smith DDS,079-50-9388,"6111 Kristie Ports
Port Matthew, TX 39939",N,hours
786,Carol Alexander,050-96-5609,"81545 Ortiz Roads
Thomasfurt, DE 99467",N,miles
787,David Holmes,058-33-5798,"1081 Margaret Locks Suite 167
Port Kathleen, SD 33349",N,miles
788,Marissa Merritt,788-88-5980,"282 George Inlet Suite 795
Robertmouth, AZ 97112",N,hours
789,Amanda French,098-74-0986,"036 Martinez Track Suite 824
Derekfort, AR 46353",Y,hours
790,Judy Alvarez,466-78-6016,"740 Stacy Creek Apt. 026
Melissamouth, KS 12633",N,hours
791,Alvin Phillips,031-81-2499,"8464 Melissa Crescent
Kelleymouth, IL 82239",N,miles
792,William Hall,724-54-3122,"913 Navarro River
Williamsmouth, SD 69647",N,miles
793,Cameron Crawford,230-88-4710,"209 Heather Hill Apt. 160
Robertabury, AS 35393",Y,hours
794,Kayla Smith,602-95-8213,"08496 Martha Rapid
North Alexismouth, AZ 94027",N,hours
795,Kimberly Marquez,852-14-3231,"13058 Scott Junctions Apt. 957
South James, VT 19462",Y,hours
796,Thomas Gray,543-55-8338,"47763 Amanda Estate Suite 691
Ashleybury, OH 34012",Y,miles
797,Brian Craig,582-53-5345,"5325 Melinda Rue
Lake Christy, IA 19747",N,hours
798,Lee Conner,645-68-1739,"31969 Julie Route
Richardton, FL 06092",Y,miles
799,James Pope,231-56-0589,"11770 Tammy Heights
Valenzuelaside, FL 77515",N,hours
800,Dennis Wilcox,723-60-9994,"USNS Ward
FPO AP 27585",Y,hours
801,Michael Woods,091-01-2922,"242 Tucker Creek Apt. 181
Harrellshire, TX 48160",Y,miles
802,Timothy Glenn,445-35-0677,"0196 Christopher Mountains
Bakerville, FL 84435",Y,hours
803,Mrs. Jennifer Walker,487-57-0270,"98830 Anthony Crescent
Salazarborough, NM 99239",N,miles
804,Vickie Goodwin,571-33-3955,"04971 Luna Bridge Apt. 045
New Sabrina, MN 32870",Y,hours
805,David Hendrix,763-52-8157,"4796 Johnson Hill Suite 689
Port Kennethborough, NJ 16275",N,hours
806,Carlos Torres,831-23-9499,"78639 Skinner Mills Apt. 391
East Juliemouth, VI 48256",Y,miles
807,Mr. Kristopher Flores,880-04-2713,"701 Butler Views Suite 812
Ashleyhaven, AR 83244",Y,miles
808,Bernard Mason,394-25-4421,"29823 Miller Place
Simonville, AL 79245",N,hours
809,Erin Carlson,735-33-9714,"PSC 3244, Box 0409
APO AA 26214",Y,miles
810,Teresa Gates,803-41-8966,"8086 Nash Fields
Timothyview, KS 64410",Y,hours
811,Stephen Lewis,453-14-5541,"4397 Emily Shoals
Joshuafurt, OH 53908",N,miles
812,Victoria Martin,704-09-1221,"58857 Cooper Rapid
South Thomasburgh, WA 52067",N,miles
813,Kelsey Boyd,339-53-0695,"204 Michael Valleys
Orozcomouth, HI 63059",Y,miles
814,Kelly Reyes,653-35-8392,"5470 Alexander Meadows
New Roger, NH 51217",Y,hours
815,Judy Smith,273-36-6832,"4297 Garrett Lakes Suite 217
Danielsstad, MH 54456",Y,miles
816,Amy Williams,364-46-9399,"820 Rebecca Plains
Hughesland, AK 63544",N,miles
817,Dr. Stephanie Hernandez,086-46-7942,"509 Amber Lake
Flemingside, KS 89118",Y,hours
818,Dennis Neal,853-75-4814,"USNV Horton
FPO AP 97155",Y,miles
819,Brandon Jones,069-95-6807,"24583 Eric Stream Suite 277
Melaniehaven, WY 20866",Y,hours
820,Andrew Anderson,819-79-0880,"21785 Miller Circles Suite 663
West Ashlee, WI 99630",Y,miles
821,Paul Lawson,688-34-6532,"696 Davis Lodge Suite 118
Hernandezton, WV 64486",N,miles
822,Julie Acosta,659-13-6111,"00069 Brittany Place Apt. 225
Markborough, FM 41588",N,miles
823,Kyle Perkins,038-49-3199,"PSC 5652, Box 3986
APO AE 02449",Y,hours
824,Samantha Garcia,057-40-5783,"51744 Farley Ways
Brianborough, PR 87291",N,miles
825,Tony Houston,851-36-9915,"69673 Johnson Tunnel Apt. 422
South Jennifertown, MA 21253",Y,miles
826,Bradley Hudson,208-56-5573,"USS Mccarthy
FPO AP 31334",N,hours
827,Shane Simmons,190-69-7597,"5370 Jones Fort
East Tonya, KY 45962",N,hours
828,Charles Ingram,396-54-7286,"0117 Alexandria Light
Durhamfort, MP 51430",Y,hours
829,Kurt Lambert,289-83-6414,"0269 Amy Locks
Huffmanmouth, HI 93444",N,hours
830,Miranda Allen,091-10-4034,"USCGC Stewart
FPO AA 24002",N,hours
831,Timothy Walter,857-20-6836,"9470 Angela Passage Apt. 148
New Meganbury, ME 08579",Y,miles
832,Kristi Kelley,879-83-9470,"87245 Sheila Camp
Aguilarborough, MH 12415",Y,hours
833,Christopher Waller,772-58-9944,"342 Timothy Ville
North John, MP 57558",N,hours
834,Nathan Smith,436-22-2284,"77680 Katherine Union Suite 471
Harristown, MT 21828",Y,miles
835,Jeremy Underwood,540-84-7295,"5800 William Course
East Raymondfurt, NM 67637",N,hours
836,Christine Gardner,710-25-7110,"0629 Johnson Roads Apt. 479
Richardsonmouth, NY 76359",Y,miles
837,Harold Mcdaniel,626-27-1718,"19906 Alvarez Plains
Kellyshire, VT 51386",N,miles
838,Brittney Ross,750-87-0161,"12095 Michelle Way Apt. 043
Lawrenceton, KS 11359",Y,hours
839,Mr. Juan Smith,127-06-8265,"22628 Case Via Apt. 343
Lesterton, AS 62920",N,hours
840,Anne Russell,766-88-9802,"4331 Young Terrace
East Russell, RI 08237",N,miles
841,Andres Burnett,771-02-8891,"62849 Hernandez Mill
New Kimberlyview, IA 63933",Y,hours
842,Phyllis Cook,421-21-9945,"2516 Summers Parks
East Kimberlyberg, MH 58505",Y,hours
843,Denise Wood,338-57-5909,"410 Savage Road
North Ryan, WA 04116",N,miles
844,Lisa Rodgers,849-04-6096,"Unit 0597 Box 6554
DPO AA 56616",Y,miles
845,Steven Erickson,632-35-8460,"03776 Thomas Bridge
Aguilarland, ME 57751",Y,miles
846,Allen Dawson,661-55-4011,"PSC 8925, Box 0012
APO AA 56923",Y,hours
847,Joseph Dunn,224-58-3376,"481 Palmer Brook Apt. 718
West Hailey, AR 53680",Y,miles
848,Ms. Erin Leon,520-39-5631,"2648 Lawson Court Apt. 945
Evanschester, PW 82322",N,hours
849,David Edwards,108-45-0408,"2287 Paul Path Suite 767
Mackland, VA 72655",N,miles
850,Robert Jacobs,624-39-8183,"2665 Griffin Prairie Apt. 738
North Karen, NJ 16882",N,miles
851,Karen Morris,477-69-4960,"14619 Ashley Mews Apt. 193
New Heatherton, NC 44594",Y,miles
852,Connor Whitehead,469-32-9717,"296 Colleen Stream Suite 086
Crystaltown, KY 41965",Y,miles
853,Carolyn Montgomery,828-84-4387,"59206 Simmons Highway
Dianeport, WA 87238",N,miles
854,Harold Mcintyre,103-65-4333,"375 Durham Mall Apt. 707
Brownton, MH 39696",N,miles
855,Tyler Schmidt,663-52-5962,"3822 Susan Camp Suite 647
Theresamouth, CA 45505",Y,hours
856,Jamie Caldwell,101-49-9407,"94002 Tammy Curve
Jessicahaven, MT 53537",N,hours
857,Paul Gilbert,217-56-5831,"11873 Robertson Avenue Suite 137
Yvonnehaven, MI 78326",N,hours
858,Barry Peters,480-54-1545,"USNV Chambers
FPO AA 70823",Y,miles
859,Rebecca Thompson,757-31-4698,"234 Reynolds Extensions Suite 044
Lisaside, IL 97318",Y,hours
860,Tracy Mcpherson,173-65-1819,"6758 Lucas Islands
South Amandaland, WI 01556",N,hours
861,Michael Young,148-34-4227,"3970 Meyer Inlet Apt. 331
Lindaton, AS 21329",Y,hours
862,Patrick Knox,306-13-8826,"808 Mary Brook
Nathanburgh, MP 61256",Y,hours
863,David Owens,212-04-6345,"550 Jonathan Branch
Port Robert, AR 75159",Y,miles
864,Sarah Kelley,114-66-3883,"USCGC Deleon
FPO AP 46400",N,hours
865,Amy Davis,429-34-7417,"14284 Ramsey Light
Lake Shelleyton, NC 18414",Y,hours
866,Christopher Velasquez,589-37-4056,"85956 Samantha Mission Apt. 920
Mccarthyberg, AK 27836",Y,miles
867,Frederick Garcia MD,676-55-4900,"USNV Morales
FPO AA 90065",N,hours
868,Timothy Donaldson,201-26-0674,"137 Campos Coves Suite 102
Jenniferville, GA 14605",N,miles
869,Jordan Ramirez,176-45-4207,"64442 Trevino Crossing
Gillbury, WA 05853",Y,miles
870,Dennis Duran,810-37-2750,"9146 Wood Crossing Suite 554
North Alexandramouth, MD 51144",Y,miles
871,Kristen Peters,288-61-4766,"70274 Wendy Burgs
Lake Laura, ME 20745",N,miles
872,Theresa Romero,483-11-1951,"87060 Cheryl Isle
New Sierra, SD 75744",Y,miles
873,Keith Hines,893-84-3451,"955 Samantha Centers Suite 286
West Kristin, VI 04787",N,hours
874,Stephanie Hernandez,204-71-8642,"65604 Donna Tunnel Apt. 600
North Debraborough, MI 02155",N,miles
875,Ashley Hansen,890-93-8850,"3857 Ford Roads Apt. 650
Stewartstad, WA 96571",N,hours
876,Joseph Barber,808-55-5353,"735 Torres Corner Suite 505
New Sharon, UT 34093",Y,hours
877,Ronnie Rodriguez,645-11-0037,"7108 Hebert Lake Apt. 270
Lake Kyleside, PW 42166",Y,hours
878,Veronica Lee,819-08-6733,"85034 Laura Dam Apt. 831
Lake Aaronton, ID 19208",Y,hours
879,Molly Baldwin,713-42-5466,"0181 Newman Valleys
Garciahaven, GU 02903",N,miles
880,Derek Skinner,587-77-4246,"734 Calvin Station
South Tracy, OK 26477",N,miles
881,Francisco Buckley,844-25-4631,"USS Palmer
FPO AP 14433",Y,miles
882,Eddie Manning,044-26-5034,"61358 Blackwell Station
Williamschester, DC 70954",N,hours
883,Deborah Brown,807-97-0906,"7623 Brown Square Apt. 822
Scotthaven, AL 98206",N,miles
884,Kimberly Savage,887-59-4099,"5355 William Route
Port Joshua, IA 76868",Y,miles
885,Tami Ramirez,771-70-1918,"2890 Brown Rapids
Bryanthaven, KY 84418",N,miles
886,Edward Davila,521-89-1755,"16574 Corey Views
West Julieland, NE 28353",N,miles
887,Jacqueline Stevens,394-04-3516,"819 Leah Greens Suite 653
Macdonaldville, PR 52313",Y,miles
888,Devon Pierce,135-35-9417,"54679 Jerome Burg Apt. 259
Wilcoxborough, AR 01541",Y,hours
889,Kyle Pacheco,386-06-0440,"0683 Garcia Curve
Lake Michelle, WV 39203",N,miles
890,Alexandra Gomez,212-64-3661,"3044 Thompson Street Apt. 018
Lake Lisa, NY 58034",Y,hours
891,William Rios,151-30-8683,"09926 Dennis Green
North George, IA 21902",N,miles
892,Daniel Perry,379-34-6942,"196 Shannon Square
Tranfort, OH 11935",Y,miles
893,Sarah Robinson,723-33-0412,"64917 Kevin Passage Apt. 229
Baldwinview, OK 31727",N,miles
894,Kathryn Hess,825-52-7659,"0899 Lopez Ford Suite 929
West Edward, AK 53559",Y,miles
895,Michael Mendoza,188-78-5439,"62902 Tammy Vista
Jacobsland, SD 93806",Y,hours
896,Logan Scott DDS,470-10-6497,"08005 Hernandez Cape Apt. 248
Nicoleside, WV 03855",N,hours
897,Mary Rodriguez,057-59-5033,"680 Regina Fords
Port Tyler, PW 89832",N,hours
898,Stephanie Bryan,741-43-9490,"Unit 1835 Box 9258
DPO AA 72838",N,hours
899,Connie Brewer,225-95-1181,"3688 William Isle Suite 677
Cardenasville, NV 42392",N,miles
900,Jose West,123-74-1018,"9928 Tracy Plaza Apt. 671
Andersonland, MS 64559",Y,hours
901,Jonathan Ross,452-32-8117,"4638 Anderson Park
Michaelland, NY 92683",N,hours
902,Penny Todd,815-34-7917,"27994 Green Tunnel Suite 799
New Carol, MT 53827",Y,hours
903,Steven Wilson,159-72-2583,"8494 Brandy Isle Suite 957
North Kenneth, GU 21059",Y,hours
904,Marilyn Clarke,886-76-3973,"24524 Johnson Crossroad
East Johnport, HI 08037",Y,miles
905,Benjamin Hill,226-30-3869,"34581 Osborn Isle Suite 635
Port Haley, VT 04756",Y,hours
906,Katie Thomas,313-30-5090,"12716 Elliott Knolls Suite 836
Port Jennifer, AR 78964",N,hours
907,Zachary Brooks,417-34-0344,"90836 Kelsey Oval Apt. 097
Kaitlinville, MD 32919",Y,miles
908,Barbara Zavala,379-05-7083,"896 Ruben Park Apt. 477
Hendersonville, RI 45014",Y,miles
909,Janet Contreras,613-48-7516,"0573 Rebecca Extensions Apt. 886
Huangton, OK 84566",N,miles
910,Bonnie Gill,815-72-1514,"USCGC Chavez
FPO AE 25474",N,hours
911,Jennifer Williams,310-75-1516,"15032 Lauren Skyway
Amychester, MH 93675",N,hours
912,Sheila Miller,179-78-8691,"5140 Thompson Mission
North Tamara, MT 70011",Y,hours
913,Stephen Jackson,404-99-3722,"999 Sarah Hollow
Wongfurt, SC 35999",Y,hours
914,Ricardo Wagner,267-13-2322,"7289 Simon Island Apt. 916
Jamesbury, WA 30471",Y,miles
915,Joseph Riley,559-21-5716,"6873 Brianna Track Apt. 450
West Ryanhaven, SC 57246",Y,hours
916,Joseph Rios,216-01-6664,"29118 Gonzalez Village
Dawsonland, FM 07766",Y,miles
917,Elizabeth Jenkins,265-68-9938,"84397 Kelly Knolls
North Maria, ME 52748",N,miles
918,Amanda Brady,545-98-0472,"PSC 5422, Box 8923
APO AA 86649",N,miles
919,Timothy Moore,005-98-9252,"6984 Kristopher Lane
Dustinfurt, CT 41539",N,hours
920,Jason Smith,120-67-3116,"USNS Lowe
FPO AE 19676",N,miles
921,Brooke Acevedo,435-22-6687,"9053 Linda Overpass Apt. 928
Beverlyville, PR 18338",N,hours
922,Julie Morgan,443-32-5827,"55211 Ingram Crossing
Williamsmouth, VT 27967",Y,miles
923,Robert Garcia,094-79-4276,"472 Wilson Terrace
Edwardsmouth, FL 26931",N,miles
924,Diana Cannon,211-68-0866,"26122 Smith Mountains Suite 539
Kevinchester, ID 57079",Y,hours
925,Frank Wilson,596-88-8161,"3213 Eric Meadow
East Julieside, AL 70800",N,hours
926,Michael Parker,452-53-0990,"975 Carolyn Landing
Kellieborough, PA 57150",N,miles
927,Dr. Melissa Mccann,433-35-5128,"0644 Bruce Center Apt. 826
West Danielleside, MS 73621",Y,miles
928,Christopher Scott,526-05-6048,"736 Edwin Mountain
Pamelaville, NE 91590",Y,hours
929,Timothy Long,027-81-5333,"852 Nicholas Point Apt. 297
Kellymouth, ME 43229",N,hours
930,Anna Maxwell,162-08-0970,"15108 Haas Lock
Lake Lanceton, MP 14828",N,miles
931,Erica Goodman,111-76-7788,"42315 Clay Manor
South Debrashire, GA 31179",N,miles
932,Colin Carr,056-48-3647,"701 Michelle Stream Apt. 866
East Tanyashire, MN 63737",Y,hours
933,Gabriela Rhodes,808-11-1423,"6902 Julie Plaza Suite 826
East Elizabethside, ND 19873",Y,miles
934,Randy Fernandez,755-18-3127,"7450 Huffman Groves
West Patrick, IL 21440",N,hours
935,Stephanie Turner,675-23-7135,"057 Cynthia Overpass Apt. 629
New Calvinberg, VI 50961",N,miles
936,Angela Miller,272-24-9330,"546 Nathan Crossing Apt. 563
Lisaside, TX 94055",Y,hours
937,Robert Anderson,297-94-4468,"383 White Islands Suite 483
North Kevinside, NE 46963",N,miles
938,Michael Hutchinson,591-54-1028,"7639 Hall Shoal
Josephport, IN 08972",Y,miles
939,Brandi King,072-56-7370,"49378 Christensen Unions
Acostaside, AS 88559",N,hours
940,James Johnson,525-13-2848,"792 Chris Mission
Ronaldchester, LA 20629",N,miles
941,Duane King,717-75-1096,"328 James Key
Stonestad, NE 60681",N,miles
942,Rachael Burton,207-42-1540,"95744 Thomas Branch Apt. 436
West Victor, IL 47404",N,hours
943,Rachel Green,573-55-3561,"434 Matthew Point
North Kristina, MA 68825",Y,hours
944,Priscilla Allen,422-38-7548,"764 Tina Flat Suite 668
North Brandyview, WA 79579",N,hours
945,Lauren Young,555-40-2034,"7217 Sara Rapids Suite 204
South Jeffreyview, OK 61026",Y,miles
946,David Meyer,326-79-2898,"8296 Travis Mount Suite 017
Tinaberg, MS 69502",Y,hours
947,Megan Thomas,016-06-5458,"1207 Taylor Parks Apt. 086
West Josephhaven, OH 29243",N,hours
948,Kristy Zavala,739-60-9602,"USCGC Hardy
FPO AE 42421",N,miles
949,Jessica Anderson,807-26-6661,"562 Phillips Mountains Apt. 243
South Madison, PR 41693",N,hours
950,Marissa Rocha,086-23-2200,"PSC 6192, Box 3299
APO AE 98312",Y,miles
951,Christina Harvey,820-22-5069,"8939 Jackson Square
Curtisside, AZ 70292",Y,miles
952,Laura Perez,615-39-9740,"4501 Harry Course Suite 723
Port Brittany, NV 09452",Y,miles
953,Michael Knight,016-76-5583,"5310 Walton Turnpike Apt. 420
North David, MP 25169",N,hours
954,Caitlin Monroe,767-21-6867,"280 Ross Loaf
West Christian, PR 78626",Y,hours
955,Hannah Carroll,683-81-6854,"83021 Christy Mount Suite 314
Smithborough, OR 69532",N,hours
956,Andrea Parker DDS,618-73-2547,"03720 Grace Dale Suite 929
West Yesenia, LA 14787",N,hours
957,Omar Hayes,436-75-3288,"USNV Spence
FPO AA 94488",N,miles
958,Michael Hogan,483-66-0973,"854 Daniel Plaza
Sandraville, SD 30915",N,miles
959,Claudia Moore MD,069-73-6480,"190 Anderson Route Suite 953
South Annland, AK 45476",N,miles
960,John Sawyer,711-17-6309,"Unit 4736 Box 1413
DPO AP 35479",N,hours
961,Daniel Reynolds,341-06-1503,"26619 Patricia Point Apt. 322
Port Tamara, LA 43698",N,miles
962,Lisa Garcia,707-35-6671,"62007 Troy Path Apt. 158
South Nathanielville, KY 33740",N,miles
963,Victor Evans,705-04-3399,"9260 Samantha Via
Jasonfort, DC 19777",Y,hours
964,Brian Cunningham,853-89-9565,"726 Mendez Ridges
Karimouth, AS 24979",N,hours
965,Cheryl Cardenas,817-83-0041,"0339 Obrien Island
East Angelaburgh, GU 23926",Y,miles
966,Christina Morris,026-99-5590,"8435 Susan Street Apt. 263
East Caitlyn, DC 36150",N,hours
967,Rebecca Hall,528-81-9697,"59986 Rodney Forks Suite 029
Robertsberg, OR 71861",Y,hours
968,Nicole Sawyer,387-72-4468,"39635 Jessica Square
Kimberlymouth, VI 75872",Y,miles
969,Andrew Morgan,204-76-1048,"PSC 9153, Box 8869
APO AP 04438",N,hours
970,John Nguyen,463-01-8432,"64105 Anthony Mountain
Toddborough, MT 62467",Y,miles
971,Steven Barajas,570-10-8951,"63233 Davis Locks
Port George, FM 56120",N,hours
972,Zachary Cline,012-35-1975,"7097 Williams Mill Suite 409
South Richard, ME 71277",Y,hours
973,Denise Clark,736-16-9338,"500 Karen Mountain Apt. 651
Nguyenborough, MD 60979",N,miles
974,Annette Young,233-97-7273,"25479 Kyle Rest
West John, NY 63005",N,hours
975,Joseph Freeman,016-81-8218,"5596 Michelle Gardens Apt. 169
Welchville, CT 62387",N,miles
976,Kevin Mills,325-46-8553,"1817 Charles Oval
Castilloberg, MI 49632",N,hours
977,Cassandra Pruitt,602-32-5181,"Unit 2914 Box 4909
DPO AE 96318",Y,miles
978,Amanda Stark,823-21-1445,"0385 Garcia Lake Suite 894
Melissaport, WA 07795",N,miles
979,Rebecca Evans,660-51-4798,"0050 Kim Plaza
Scottberg, ND 26322",N,miles
980,Adam Nguyen,671-46-6515,"39624 Jacqueline Burg
Nathanielton, OH 20332",Y,hours
981,Timothy Fisher,651-97-1425,"38026 Koch Stream
Lake Danielborough, IA 97187",Y,hours
982,Eric Thomas,203-05-4562,"246 Peters Ford
Joshuabury, VT 75085",N,miles
983,Heather Willis,632-38-0818,"490 Ibarra Radial Suite 160
Port Davidborough, SC 14485",N,hours
984,Connor Hill,695-61-4535,"60927 Emily Extensions
Lake Michael, CA 34911",Y,miles
985,Christy Bridges,232-88-5870,"USNS Schroeder
FPO AE 63032",Y,miles
986,Anthony Delgado,533-12-9455,"44111 Gregory Stream
Lake Frankton, MP 33796",Y,miles
987,Kristy Krueger,769-77-5659,"PSC 1297, Box 4959
APO AE 33433",N,hours
988,Kimberly Arnold,393-71-6332,"0830 Mark Roads
Barbarashire, OR 51070",N,miles
989,Misty Allen,295-38-0084,"846 Jesus Greens
Olsonfurt, MP 85874",Y,hours
990,Trevor Newman,097-34-7326,"08285 Jackson Court
Port Jade, MP 01282",Y,miles
991,Karen Aguilar,712-93-3158,"48563 Daniel Flat
Samuelport, KY 15419",N,hours
992,Andrew Gardner,578-98-1867,"5223 Boyd Stream Suite 791
Mercedesburgh, MO 13582",N,hours
993,Sandra Silva,797-51-1582,"32831 Smith Crescent Apt. 707
South Thomashaven, MI 29856",Y,hours
994,Katherine Ellis,579-06-9787,"742 Williams Cove
Shawnmouth, CA 82716",Y,miles
995,Jason Caldwell MD,587-45-5991,"988 Cochran Ports
Austinmouth, NE 02787",N,miles
996,James Jacobs,253-54-7392,"93265 Vincent Trail Suite 082
Escobarport, TN 20405",N,miles
997,Jimmy Brown,752-75-4789,"331 Annette Stream
Silvaburgh, TX 04339",N,hours
998,Ray Newman,082-53-1488,"8152 Julia Glens
South Benjamin, MT 62475",N,hours
999,Rebecca Gonzalez,533-72-0270,"17146 Gonzalez Pass
New Thomas, NC 54333",Y,miles
1000,Ryan Johnson,003-97-4183,"5356 Jeffery Underpass
Douglasport, DE 63634",Y,hours
1001,Daniel King,039-30-9405,"3494 Kelly Mills
Paulside, MD 16464",N,hours
1002,Cynthia Walker,459-98-4796,"48885 Stephanie Plains
Monroeville, NY 56238",N,hours
1003,Kristina Franklin,882-48-0708,"469 Russell Village
Frenchburgh, VA 70900",Y,hours
1004,Cassandra Simpson,166-37-3867,"97295 Latasha Route
Elliottport, MP 23305",Y,miles
1005,Russell Jackson,451-33-0326,"2830 Bryant Plaza Apt. 333
Fullerberg, SC 17008",Y,miles
1006,Jennifer Coleman,391-66-7438,"4243 Russell Plaza Apt. 079
New Lisa, MI 51278",N,hours
1007,Charles Martinez,719-01-1999,"9243 Colleen Terrace
North Michaelstad, LA 59578",N,miles
1008,Caleb Roth,441-11-8694,"1733 Clark Inlet
New Charles, FL 04710",N,miles
1009,Patricia Moreno,485-10-9605,"82254 Morris Meadow
North Jared, CT 78725",Y,miles
